============================= test session starts ==============================
platform linux -- Python 3.10.19, pytest-9.0.2, pluggy-1.6.0 -- /home/egallego/lean/verso-slides/.worktrees/vir-prettym-434-minimal/browser-tests/.venv/bin/python
cachedir: .pytest_cache
browsers: chromium, firefox (--browser=all)
rootdir: /home/egallego/lean/verso-slides/.worktrees/vir-prettym-main435-integration/browser-tests
configfile: pyproject.toml
plugins: xdist-3.8.0
collecting ... collected 30 items

browser-tests/test_vir_prettym_site.py::test_published_bundles_and_urls PASSED [  3%]
browser-tests/test_vir_prettym_site.py::test_same_wrapper_native_corpus[chromium-root] ERROR [  6%]
browser-tests/test_vir_prettym_site.py::test_same_wrapper_native_corpus[chromium-nested] ERROR [ 10%]
browser-tests/test_vir_prettym_site.py::test_published_host_call[chromium] ERROR [ 13%]
browser-tests/test_vir_prettym_site.py::test_only_full_root_declaration_is_callable[chromium] ERROR [ 16%]
browser-tests/test_vir_prettym_site.py::test_default_panel_reflows_with_wasm[chromium] ERROR [ 20%]
browser-tests/test_vir_prettym_site.py::test_independent_deck_uses_published_runtime[chromium] ERROR [ 23%]
browser-tests/test_vir_prettym_presentation.py::test_complete_native_segments_tags_classes_and_bindings_in_dom[chromium] ERROR [ 26%]
browser-tests/test_vir_prettym_presentation.py::test_existing_text_and_binding_escaping_with_large_tags[chromium] ERROR [ 30%]
browser-tests/test_vir_prettym_presentation.py::test_shared_goal_preserves_ordinary_binding_interaction[chromium] ERROR [ 33%]
browser-tests/test_vir_prettym_presentation.py::test_rejected_format_is_visible_without_static_layout_substitution_or_probe_retention[chromium] ERROR [ 36%]
browser-tests/test_vir_prettym_presentation.py::test_vir_numeric_admission_keeps_the_same_program_usable[chromium] ERROR [ 40%]
browser-tests/test_vir_prettym_initialization.py::test_pending_formatter_keeps_navigation_and_current_selection_usable[chromium] ERROR [ 43%]
browser-tests/test_vir_prettym_initialization.py::test_initialization_failure_reports_without_replacing_the_formatter[chromium] ERROR [ 46%]
browser-tests/test_lightbox.py::TestLightboxReadiness::test_pending_signature_formats_on_readiness[chromium] ERROR [ 50%]
browser-tests/test_vir_prettym_site.py::test_same_wrapper_native_corpus[firefox-root] ERROR [ 53%]
browser-tests/test_vir_prettym_site.py::test_same_wrapper_native_corpus[firefox-nested] ERROR [ 56%]
browser-tests/test_vir_prettym_site.py::test_published_host_call[firefox] ERROR [ 60%]
browser-tests/test_vir_prettym_site.py::test_only_full_root_declaration_is_callable[firefox] ERROR [ 63%]
browser-tests/test_vir_prettym_site.py::test_default_panel_reflows_with_wasm[firefox] ERROR [ 66%]
browser-tests/test_vir_prettym_site.py::test_independent_deck_uses_published_runtime[firefox] ERROR [ 70%]
browser-tests/test_vir_prettym_presentation.py::test_complete_native_segments_tags_classes_and_bindings_in_dom[firefox] ERROR [ 73%]
browser-tests/test_vir_prettym_presentation.py::test_existing_text_and_binding_escaping_with_large_tags[firefox] ERROR [ 76%]
browser-tests/test_vir_prettym_presentation.py::test_shared_goal_preserves_ordinary_binding_interaction[firefox] ERROR [ 80%]
browser-tests/test_vir_prettym_presentation.py::test_rejected_format_is_visible_without_static_layout_substitution_or_probe_retention[firefox] ERROR [ 83%]
browser-tests/test_vir_prettym_presentation.py::test_vir_numeric_admission_keeps_the_same_program_usable[firefox] ERROR [ 86%]
browser-tests/test_vir_prettym_initialization.py::test_pending_formatter_keeps_navigation_and_current_selection_usable[firefox] ERROR [ 90%]
browser-tests/test_vir_prettym_initialization.py::test_initialization_failure_reports_without_replacing_the_formatter[firefox] ERROR [ 93%]
browser-tests/test_lightbox.py::TestLightboxReadiness::test_pending_signature_formats_on_readiness[firefox] ERROR [ 96%]
browser-tests/test_vir_prettym_presentation.py::test_published_formatter_has_one_mandatory_path PASSED [100%]

==================================== ERRORS ====================================
_______ ERROR at setup of test_same_wrapper_native_corpus[chromium-root] _______

request = <SubRequest 'server' for <Function test_same_wrapper_native_corpus[chromium-root]>>
site_dir = PosixPath('/home/egallego/lean/verso-slides/.worktrees/vir-prettym-main435-integration/.qualification-main435-20261009/SITE')

    @pytest.fixture(scope="session")
    def server(request, site_dir):
        """Start a local HTTP server for the built site, or use an existing one."""
        external_url = request.config.getoption("--server-url")
    
        if external_url:
            yield external_url
            return
    
        port = request.config.getoption("--port")
    
        if port is None:
            port = find_free_port()
        else:
            port = int(port)
    
>       proc = subprocess.Popen(
            ["python", "-m", "http.server", str(port), "--bind", "127.0.0.1"],
            cwd=site_dir,
            stdout=subprocess.DEVNULL,
            stderr=subprocess.DEVNULL
        )

browser-tests/conftest.py:177: 
_ _ _ _ _ _ _ _ _ _ _ _ _ _ _ _ _ _ _ _ _ _ _ _ _ _ _ _ _ _ _ _ _ _ _ _ _ _ _ _ 
../../../../.local/share/uv/python/cpython-3.10.19-linux-x86_64-gnu/lib/python3.10/subprocess.py:971: in __init__
    self._execute_child(args, executable, preexec_fn, close_fds,
_ _ _ _ _ _ _ _ _ _ _ _ _ _ _ _ _ _ _ _ _ _ _ _ _ _ _ _ _ _ _ _ _ _ _ _ _ _ _ _ 

self = <Popen: returncode: 255 args: ['python', '-m', 'http.server', '41777', '--bi...>
args = ['python', '-m', 'http.server', '41777', '--bind', '127.0.0.1']
executable = b'python', preexec_fn = None, close_fds = True, pass_fds = ()
cwd = PosixPath('/home/egallego/lean/verso-slides/.worktrees/vir-prettym-main435-integration/.qualification-main435-20261009/SITE')
env = None, startupinfo = None, creationflags = 0, shell = False, p2cread = -1
p2cwrite = -1, c2pread = -1, c2pwrite = 12, errread = -1, errwrite = 12
restore_signals = True, gid = None, gids = None, uid = None, umask = -1
start_new_session = False

    def _execute_child(self, args, executable, preexec_fn, close_fds,
                       pass_fds, cwd, env,
                       startupinfo, creationflags, shell,
                       p2cread, p2cwrite,
                       c2pread, c2pwrite,
                       errread, errwrite,
                       restore_signals,
                       gid, gids, uid, umask,
                       start_new_session):
        """Execute program (POSIX version)"""
    
        if isinstance(args, (str, bytes)):
            args = [args]
        elif isinstance(args, os.PathLike):
            if shell:
                raise TypeError('path-like args is not allowed when '
                                'shell is true')
            args = [args]
        else:
            args = list(args)
    
        if shell:
            # On Android the default shell is at '/system/bin/sh'.
            unix_shell = ('/system/bin/sh' if
                      hasattr(sys, 'getandroidapilevel') else '/bin/sh')
            args = [unix_shell, "-c"] + args
            if executable:
                args[0] = executable
    
        if executable is None:
            executable = args[0]
    
        sys.audit("subprocess.Popen", executable, args, cwd, env)
    
        if (_USE_POSIX_SPAWN
                and os.path.dirname(executable)
                and preexec_fn is None
                and not close_fds
                and not pass_fds
                and cwd is None
                and (p2cread == -1 or p2cread > 2)
                and (c2pwrite == -1 or c2pwrite > 2)
                and (errwrite == -1 or errwrite > 2)
                and not start_new_session
                and gid is None
                and gids is None
                and uid is None
                and umask < 0):
            self._posix_spawn(args, executable, env, restore_signals,
                              p2cread, p2cwrite,
                              c2pread, c2pwrite,
                              errread, errwrite)
            return
    
        orig_executable = executable
    
        # For transferring possible exec failure from child to parent.
        # Data format: "exception name:hex errno:description"
        # Pickle is not used; it is complex and involves memory allocation.
        errpipe_read, errpipe_write = os.pipe()
        # errpipe_write must not be in the standard io 0, 1, or 2 fd range.
        low_fds_to_close = []
        while errpipe_write < 3:
            low_fds_to_close.append(errpipe_write)
            errpipe_write = os.dup(errpipe_write)
        for low_fd in low_fds_to_close:
            os.close(low_fd)
        try:
            try:
                # We must avoid complex work that could involve
                # malloc or free in the child process to avoid
                # potential deadlocks, thus we do all this here.
                # and pass it to fork_exec()
    
                if env is not None:
                    env_list = []
                    for k, v in env.items():
                        k = os.fsencode(k)
                        if b'=' in k:
                            raise ValueError("illegal environment variable name")
                        env_list.append(k + b'=' + os.fsencode(v))
                else:
                    env_list = None  # Use execv instead of execve.
                executable = os.fsencode(executable)
                if os.path.dirname(executable):
                    executable_list = (executable,)
                else:
                    # This matches the behavior of os._execvpe().
                    executable_list = tuple(
                        os.path.join(os.fsencode(dir), executable)
                        for dir in os.get_exec_path(env))
                fds_to_keep = set(pass_fds)
                fds_to_keep.add(errpipe_write)
                self.pid = _posixsubprocess.fork_exec(
                        args, executable_list,
                        close_fds, tuple(sorted(map(int, fds_to_keep))),
                        cwd, env_list,
                        p2cread, p2cwrite, c2pread, c2pwrite,
                        errread, errwrite,
                        errpipe_read, errpipe_write,
                        restore_signals, start_new_session,
                        gid, gids, uid, umask,
                        preexec_fn)
                self._child_created = True
            finally:
                # be sure the FD is closed no matter what
                os.close(errpipe_write)
    
            self._close_pipe_fds(p2cread, p2cwrite,
                                 c2pread, c2pwrite,
                                 errread, errwrite)
    
            # Wait for exec to fail or succeed; possibly raising an
            # exception (limited in size)
            errpipe_data = bytearray()
            while True:
                part = os.read(errpipe_read, 50000)
                errpipe_data += part
                if not part or len(errpipe_data) > 50000:
                    break
        finally:
            # be sure the FD is closed no matter what
            os.close(errpipe_read)
    
        if errpipe_data:
            try:
                pid, sts = os.waitpid(self.pid, 0)
                if pid == self.pid:
                    self._handle_exitstatus(sts)
                else:
                    self.returncode = sys.maxsize
            except ChildProcessError:
                pass
    
            try:
                exception_name, hex_errno, err_msg = (
                        errpipe_data.split(b':', 2))
                # The encoding here should match the encoding
                # written in by the subprocess implementations
                # like _posixsubprocess
                err_msg = err_msg.decode()
            except ValueError:
                exception_name = b'SubprocessError'
                hex_errno = b'0'
                err_msg = 'Bad exception data from child: {!r}'.format(
                              bytes(errpipe_data))
            child_exception_type = getattr(
                    builtins, exception_name.decode('ascii'),
                    SubprocessError)
            if issubclass(child_exception_type, OSError) and hex_errno:
                errno_num = int(hex_errno, 16)
                child_exec_never_called = (err_msg == "noexec")
                if child_exec_never_called:
                    err_msg = ""
                    # The error must be from chdir(cwd).
                    err_filename = cwd
                else:
                    err_filename = orig_executable
                if errno_num != 0:
                    err_msg = os.strerror(errno_num)
>               raise child_exception_type(errno_num, err_msg, err_filename)
E               FileNotFoundError: [Errno 2] No such file or directory: 'python'

../../../../.local/share/uv/python/cpython-3.10.19-linux-x86_64-gnu/lib/python3.10/subprocess.py:1863: FileNotFoundError
______ ERROR at setup of test_same_wrapper_native_corpus[chromium-nested] ______

request = <SubRequest 'server' for <Function test_same_wrapper_native_corpus[chromium-root]>>
site_dir = PosixPath('/home/egallego/lean/verso-slides/.worktrees/vir-prettym-main435-integration/.qualification-main435-20261009/SITE')

    @pytest.fixture(scope="session")
    def server(request, site_dir):
        """Start a local HTTP server for the built site, or use an existing one."""
        external_url = request.config.getoption("--server-url")
    
        if external_url:
            yield external_url
            return
    
        port = request.config.getoption("--port")
    
        if port is None:
            port = find_free_port()
        else:
            port = int(port)
    
>       proc = subprocess.Popen(
            ["python", "-m", "http.server", str(port), "--bind", "127.0.0.1"],
            cwd=site_dir,
            stdout=subprocess.DEVNULL,
            stderr=subprocess.DEVNULL
        )

browser-tests/conftest.py:177: 
_ _ _ _ _ _ _ _ _ _ _ _ _ _ _ _ _ _ _ _ _ _ _ _ _ _ _ _ _ _ _ _ _ _ _ _ _ _ _ _ 
../../../../.local/share/uv/python/cpython-3.10.19-linux-x86_64-gnu/lib/python3.10/subprocess.py:971: in __init__
    self._execute_child(args, executable, preexec_fn, close_fds,
_ _ _ _ _ _ _ _ _ _ _ _ _ _ _ _ _ _ _ _ _ _ _ _ _ _ _ _ _ _ _ _ _ _ _ _ _ _ _ _ 

self = <Popen: returncode: 255 args: ['python', '-m', 'http.server', '41777', '--bi...>
args = ['python', '-m', 'http.server', '41777', '--bind', '127.0.0.1']
executable = b'python', preexec_fn = None, close_fds = True, pass_fds = ()
cwd = PosixPath('/home/egallego/lean/verso-slides/.worktrees/vir-prettym-main435-integration/.qualification-main435-20261009/SITE')
env = None, startupinfo = None, creationflags = 0, shell = False, p2cread = -1
p2cwrite = -1, c2pread = -1, c2pwrite = 12, errread = -1, errwrite = 12
restore_signals = True, gid = None, gids = None, uid = None, umask = -1
start_new_session = False

    def _execute_child(self, args, executable, preexec_fn, close_fds,
                       pass_fds, cwd, env,
                       startupinfo, creationflags, shell,
                       p2cread, p2cwrite,
                       c2pread, c2pwrite,
                       errread, errwrite,
                       restore_signals,
                       gid, gids, uid, umask,
                       start_new_session):
        """Execute program (POSIX version)"""
    
        if isinstance(args, (str, bytes)):
            args = [args]
        elif isinstance(args, os.PathLike):
            if shell:
                raise TypeError('path-like args is not allowed when '
                                'shell is true')
            args = [args]
        else:
            args = list(args)
    
        if shell:
            # On Android the default shell is at '/system/bin/sh'.
            unix_shell = ('/system/bin/sh' if
                      hasattr(sys, 'getandroidapilevel') else '/bin/sh')
            args = [unix_shell, "-c"] + args
            if executable:
                args[0] = executable
    
        if executable is None:
            executable = args[0]
    
        sys.audit("subprocess.Popen", executable, args, cwd, env)
    
        if (_USE_POSIX_SPAWN
                and os.path.dirname(executable)
                and preexec_fn is None
                and not close_fds
                and not pass_fds
                and cwd is None
                and (p2cread == -1 or p2cread > 2)
                and (c2pwrite == -1 or c2pwrite > 2)
                and (errwrite == -1 or errwrite > 2)
                and not start_new_session
                and gid is None
                and gids is None
                and uid is None
                and umask < 0):
            self._posix_spawn(args, executable, env, restore_signals,
                              p2cread, p2cwrite,
                              c2pread, c2pwrite,
                              errread, errwrite)
            return
    
        orig_executable = executable
    
        # For transferring possible exec failure from child to parent.
        # Data format: "exception name:hex errno:description"
        # Pickle is not used; it is complex and involves memory allocation.
        errpipe_read, errpipe_write = os.pipe()
        # errpipe_write must not be in the standard io 0, 1, or 2 fd range.
        low_fds_to_close = []
        while errpipe_write < 3:
            low_fds_to_close.append(errpipe_write)
            errpipe_write = os.dup(errpipe_write)
        for low_fd in low_fds_to_close:
            os.close(low_fd)
        try:
            try:
                # We must avoid complex work that could involve
                # malloc or free in the child process to avoid
                # potential deadlocks, thus we do all this here.
                # and pass it to fork_exec()
    
                if env is not None:
                    env_list = []
                    for k, v in env.items():
                        k = os.fsencode(k)
                        if b'=' in k:
                            raise ValueError("illegal environment variable name")
                        env_list.append(k + b'=' + os.fsencode(v))
                else:
                    env_list = None  # Use execv instead of execve.
                executable = os.fsencode(executable)
                if os.path.dirname(executable):
                    executable_list = (executable,)
                else:
                    # This matches the behavior of os._execvpe().
                    executable_list = tuple(
                        os.path.join(os.fsencode(dir), executable)
                        for dir in os.get_exec_path(env))
                fds_to_keep = set(pass_fds)
                fds_to_keep.add(errpipe_write)
                self.pid = _posixsubprocess.fork_exec(
                        args, executable_list,
                        close_fds, tuple(sorted(map(int, fds_to_keep))),
                        cwd, env_list,
                        p2cread, p2cwrite, c2pread, c2pwrite,
                        errread, errwrite,
                        errpipe_read, errpipe_write,
                        restore_signals, start_new_session,
                        gid, gids, uid, umask,
                        preexec_fn)
                self._child_created = True
            finally:
                # be sure the FD is closed no matter what
                os.close(errpipe_write)
    
            self._close_pipe_fds(p2cread, p2cwrite,
                                 c2pread, c2pwrite,
                                 errread, errwrite)
    
            # Wait for exec to fail or succeed; possibly raising an
            # exception (limited in size)
            errpipe_data = bytearray()
            while True:
                part = os.read(errpipe_read, 50000)
                errpipe_data += part
                if not part or len(errpipe_data) > 50000:
                    break
        finally:
            # be sure the FD is closed no matter what
            os.close(errpipe_read)
    
        if errpipe_data:
            try:
                pid, sts = os.waitpid(self.pid, 0)
                if pid == self.pid:
                    self._handle_exitstatus(sts)
                else:
                    self.returncode = sys.maxsize
            except ChildProcessError:
                pass
    
            try:
                exception_name, hex_errno, err_msg = (
                        errpipe_data.split(b':', 2))
                # The encoding here should match the encoding
                # written in by the subprocess implementations
                # like _posixsubprocess
                err_msg = err_msg.decode()
            except ValueError:
                exception_name = b'SubprocessError'
                hex_errno = b'0'
                err_msg = 'Bad exception data from child: {!r}'.format(
                              bytes(errpipe_data))
            child_exception_type = getattr(
                    builtins, exception_name.decode('ascii'),
                    SubprocessError)
            if issubclass(child_exception_type, OSError) and hex_errno:
                errno_num = int(hex_errno, 16)
                child_exec_never_called = (err_msg == "noexec")
                if child_exec_never_called:
                    err_msg = ""
                    # The error must be from chdir(cwd).
                    err_filename = cwd
                else:
                    err_filename = orig_executable
                if errno_num != 0:
                    err_msg = os.strerror(errno_num)
>               raise child_exception_type(errno_num, err_msg, err_filename)
E               FileNotFoundError: [Errno 2] No such file or directory: 'python'

../../../../.local/share/uv/python/cpython-3.10.19-linux-x86_64-gnu/lib/python3.10/subprocess.py:1863: FileNotFoundError
_____________ ERROR at setup of test_published_host_call[chromium] _____________

request = <SubRequest 'server' for <Function test_same_wrapper_native_corpus[chromium-root]>>
site_dir = PosixPath('/home/egallego/lean/verso-slides/.worktrees/vir-prettym-main435-integration/.qualification-main435-20261009/SITE')

    @pytest.fixture(scope="session")
    def server(request, site_dir):
        """Start a local HTTP server for the built site, or use an existing one."""
        external_url = request.config.getoption("--server-url")
    
        if external_url:
            yield external_url
            return
    
        port = request.config.getoption("--port")
    
        if port is None:
            port = find_free_port()
        else:
            port = int(port)
    
>       proc = subprocess.Popen(
            ["python", "-m", "http.server", str(port), "--bind", "127.0.0.1"],
            cwd=site_dir,
            stdout=subprocess.DEVNULL,
            stderr=subprocess.DEVNULL
        )

browser-tests/conftest.py:177: 
_ _ _ _ _ _ _ _ _ _ _ _ _ _ _ _ _ _ _ _ _ _ _ _ _ _ _ _ _ _ _ _ _ _ _ _ _ _ _ _ 
../../../../.local/share/uv/python/cpython-3.10.19-linux-x86_64-gnu/lib/python3.10/subprocess.py:971: in __init__
    self._execute_child(args, executable, preexec_fn, close_fds,
_ _ _ _ _ _ _ _ _ _ _ _ _ _ _ _ _ _ _ _ _ _ _ _ _ _ _ _ _ _ _ _ _ _ _ _ _ _ _ _ 

self = <Popen: returncode: 255 args: ['python', '-m', 'http.server', '41777', '--bi...>
args = ['python', '-m', 'http.server', '41777', '--bind', '127.0.0.1']
executable = b'python', preexec_fn = None, close_fds = True, pass_fds = ()
cwd = PosixPath('/home/egallego/lean/verso-slides/.worktrees/vir-prettym-main435-integration/.qualification-main435-20261009/SITE')
env = None, startupinfo = None, creationflags = 0, shell = False, p2cread = -1
p2cwrite = -1, c2pread = -1, c2pwrite = 12, errread = -1, errwrite = 12
restore_signals = True, gid = None, gids = None, uid = None, umask = -1
start_new_session = False

    def _execute_child(self, args, executable, preexec_fn, close_fds,
                       pass_fds, cwd, env,
                       startupinfo, creationflags, shell,
                       p2cread, p2cwrite,
                       c2pread, c2pwrite,
                       errread, errwrite,
                       restore_signals,
                       gid, gids, uid, umask,
                       start_new_session):
        """Execute program (POSIX version)"""
    
        if isinstance(args, (str, bytes)):
            args = [args]
        elif isinstance(args, os.PathLike):
            if shell:
                raise TypeError('path-like args is not allowed when '
                                'shell is true')
            args = [args]
        else:
            args = list(args)
    
        if shell:
            # On Android the default shell is at '/system/bin/sh'.
            unix_shell = ('/system/bin/sh' if
                      hasattr(sys, 'getandroidapilevel') else '/bin/sh')
            args = [unix_shell, "-c"] + args
            if executable:
                args[0] = executable
    
        if executable is None:
            executable = args[0]
    
        sys.audit("subprocess.Popen", executable, args, cwd, env)
    
        if (_USE_POSIX_SPAWN
                and os.path.dirname(executable)
                and preexec_fn is None
                and not close_fds
                and not pass_fds
                and cwd is None
                and (p2cread == -1 or p2cread > 2)
                and (c2pwrite == -1 or c2pwrite > 2)
                and (errwrite == -1 or errwrite > 2)
                and not start_new_session
                and gid is None
                and gids is None
                and uid is None
                and umask < 0):
            self._posix_spawn(args, executable, env, restore_signals,
                              p2cread, p2cwrite,
                              c2pread, c2pwrite,
                              errread, errwrite)
            return
    
        orig_executable = executable
    
        # For transferring possible exec failure from child to parent.
        # Data format: "exception name:hex errno:description"
        # Pickle is not used; it is complex and involves memory allocation.
        errpipe_read, errpipe_write = os.pipe()
        # errpipe_write must not be in the standard io 0, 1, or 2 fd range.
        low_fds_to_close = []
        while errpipe_write < 3:
            low_fds_to_close.append(errpipe_write)
            errpipe_write = os.dup(errpipe_write)
        for low_fd in low_fds_to_close:
            os.close(low_fd)
        try:
            try:
                # We must avoid complex work that could involve
                # malloc or free in the child process to avoid
                # potential deadlocks, thus we do all this here.
                # and pass it to fork_exec()
    
                if env is not None:
                    env_list = []
                    for k, v in env.items():
                        k = os.fsencode(k)
                        if b'=' in k:
                            raise ValueError("illegal environment variable name")
                        env_list.append(k + b'=' + os.fsencode(v))
                else:
                    env_list = None  # Use execv instead of execve.
                executable = os.fsencode(executable)
                if os.path.dirname(executable):
                    executable_list = (executable,)
                else:
                    # This matches the behavior of os._execvpe().
                    executable_list = tuple(
                        os.path.join(os.fsencode(dir), executable)
                        for dir in os.get_exec_path(env))
                fds_to_keep = set(pass_fds)
                fds_to_keep.add(errpipe_write)
                self.pid = _posixsubprocess.fork_exec(
                        args, executable_list,
                        close_fds, tuple(sorted(map(int, fds_to_keep))),
                        cwd, env_list,
                        p2cread, p2cwrite, c2pread, c2pwrite,
                        errread, errwrite,
                        errpipe_read, errpipe_write,
                        restore_signals, start_new_session,
                        gid, gids, uid, umask,
                        preexec_fn)
                self._child_created = True
            finally:
                # be sure the FD is closed no matter what
                os.close(errpipe_write)
    
            self._close_pipe_fds(p2cread, p2cwrite,
                                 c2pread, c2pwrite,
                                 errread, errwrite)
    
            # Wait for exec to fail or succeed; possibly raising an
            # exception (limited in size)
            errpipe_data = bytearray()
            while True:
                part = os.read(errpipe_read, 50000)
                errpipe_data += part
                if not part or len(errpipe_data) > 50000:
                    break
        finally:
            # be sure the FD is closed no matter what
            os.close(errpipe_read)
    
        if errpipe_data:
            try:
                pid, sts = os.waitpid(self.pid, 0)
                if pid == self.pid:
                    self._handle_exitstatus(sts)
                else:
                    self.returncode = sys.maxsize
            except ChildProcessError:
                pass
    
            try:
                exception_name, hex_errno, err_msg = (
                        errpipe_data.split(b':', 2))
                # The encoding here should match the encoding
                # written in by the subprocess implementations
                # like _posixsubprocess
                err_msg = err_msg.decode()
            except ValueError:
                exception_name = b'SubprocessError'
                hex_errno = b'0'
                err_msg = 'Bad exception data from child: {!r}'.format(
                              bytes(errpipe_data))
            child_exception_type = getattr(
                    builtins, exception_name.decode('ascii'),
                    SubprocessError)
            if issubclass(child_exception_type, OSError) and hex_errno:
                errno_num = int(hex_errno, 16)
                child_exec_never_called = (err_msg == "noexec")
                if child_exec_never_called:
                    err_msg = ""
                    # The error must be from chdir(cwd).
                    err_filename = cwd
                else:
                    err_filename = orig_executable
                if errno_num != 0:
                    err_msg = os.strerror(errno_num)
>               raise child_exception_type(errno_num, err_msg, err_filename)
E               FileNotFoundError: [Errno 2] No such file or directory: 'python'

../../../../.local/share/uv/python/cpython-3.10.19-linux-x86_64-gnu/lib/python3.10/subprocess.py:1863: FileNotFoundError
___ ERROR at setup of test_only_full_root_declaration_is_callable[chromium] ____

request = <SubRequest 'server' for <Function test_same_wrapper_native_corpus[chromium-root]>>
site_dir = PosixPath('/home/egallego/lean/verso-slides/.worktrees/vir-prettym-main435-integration/.qualification-main435-20261009/SITE')

    @pytest.fixture(scope="session")
    def server(request, site_dir):
        """Start a local HTTP server for the built site, or use an existing one."""
        external_url = request.config.getoption("--server-url")
    
        if external_url:
            yield external_url
            return
    
        port = request.config.getoption("--port")
    
        if port is None:
            port = find_free_port()
        else:
            port = int(port)
    
>       proc = subprocess.Popen(
            ["python", "-m", "http.server", str(port), "--bind", "127.0.0.1"],
            cwd=site_dir,
            stdout=subprocess.DEVNULL,
            stderr=subprocess.DEVNULL
        )

browser-tests/conftest.py:177: 
_ _ _ _ _ _ _ _ _ _ _ _ _ _ _ _ _ _ _ _ _ _ _ _ _ _ _ _ _ _ _ _ _ _ _ _ _ _ _ _ 
../../../../.local/share/uv/python/cpython-3.10.19-linux-x86_64-gnu/lib/python3.10/subprocess.py:971: in __init__
    self._execute_child(args, executable, preexec_fn, close_fds,
_ _ _ _ _ _ _ _ _ _ _ _ _ _ _ _ _ _ _ _ _ _ _ _ _ _ _ _ _ _ _ _ _ _ _ _ _ _ _ _ 

self = <Popen: returncode: 255 args: ['python', '-m', 'http.server', '41777', '--bi...>
args = ['python', '-m', 'http.server', '41777', '--bind', '127.0.0.1']
executable = b'python', preexec_fn = None, close_fds = True, pass_fds = ()
cwd = PosixPath('/home/egallego/lean/verso-slides/.worktrees/vir-prettym-main435-integration/.qualification-main435-20261009/SITE')
env = None, startupinfo = None, creationflags = 0, shell = False, p2cread = -1
p2cwrite = -1, c2pread = -1, c2pwrite = 12, errread = -1, errwrite = 12
restore_signals = True, gid = None, gids = None, uid = None, umask = -1
start_new_session = False

    def _execute_child(self, args, executable, preexec_fn, close_fds,
                       pass_fds, cwd, env,
                       startupinfo, creationflags, shell,
                       p2cread, p2cwrite,
                       c2pread, c2pwrite,
                       errread, errwrite,
                       restore_signals,
                       gid, gids, uid, umask,
                       start_new_session):
        """Execute program (POSIX version)"""
    
        if isinstance(args, (str, bytes)):
            args = [args]
        elif isinstance(args, os.PathLike):
            if shell:
                raise TypeError('path-like args is not allowed when '
                                'shell is true')
            args = [args]
        else:
            args = list(args)
    
        if shell:
            # On Android the default shell is at '/system/bin/sh'.
            unix_shell = ('/system/bin/sh' if
                      hasattr(sys, 'getandroidapilevel') else '/bin/sh')
            args = [unix_shell, "-c"] + args
            if executable:
                args[0] = executable
    
        if executable is None:
            executable = args[0]
    
        sys.audit("subprocess.Popen", executable, args, cwd, env)
    
        if (_USE_POSIX_SPAWN
                and os.path.dirname(executable)
                and preexec_fn is None
                and not close_fds
                and not pass_fds
                and cwd is None
                and (p2cread == -1 or p2cread > 2)
                and (c2pwrite == -1 or c2pwrite > 2)
                and (errwrite == -1 or errwrite > 2)
                and not start_new_session
                and gid is None
                and gids is None
                and uid is None
                and umask < 0):
            self._posix_spawn(args, executable, env, restore_signals,
                              p2cread, p2cwrite,
                              c2pread, c2pwrite,
                              errread, errwrite)
            return
    
        orig_executable = executable
    
        # For transferring possible exec failure from child to parent.
        # Data format: "exception name:hex errno:description"
        # Pickle is not used; it is complex and involves memory allocation.
        errpipe_read, errpipe_write = os.pipe()
        # errpipe_write must not be in the standard io 0, 1, or 2 fd range.
        low_fds_to_close = []
        while errpipe_write < 3:
            low_fds_to_close.append(errpipe_write)
            errpipe_write = os.dup(errpipe_write)
        for low_fd in low_fds_to_close:
            os.close(low_fd)
        try:
            try:
                # We must avoid complex work that could involve
                # malloc or free in the child process to avoid
                # potential deadlocks, thus we do all this here.
                # and pass it to fork_exec()
    
                if env is not None:
                    env_list = []
                    for k, v in env.items():
                        k = os.fsencode(k)
                        if b'=' in k:
                            raise ValueError("illegal environment variable name")
                        env_list.append(k + b'=' + os.fsencode(v))
                else:
                    env_list = None  # Use execv instead of execve.
                executable = os.fsencode(executable)
                if os.path.dirname(executable):
                    executable_list = (executable,)
                else:
                    # This matches the behavior of os._execvpe().
                    executable_list = tuple(
                        os.path.join(os.fsencode(dir), executable)
                        for dir in os.get_exec_path(env))
                fds_to_keep = set(pass_fds)
                fds_to_keep.add(errpipe_write)
                self.pid = _posixsubprocess.fork_exec(
                        args, executable_list,
                        close_fds, tuple(sorted(map(int, fds_to_keep))),
                        cwd, env_list,
                        p2cread, p2cwrite, c2pread, c2pwrite,
                        errread, errwrite,
                        errpipe_read, errpipe_write,
                        restore_signals, start_new_session,
                        gid, gids, uid, umask,
                        preexec_fn)
                self._child_created = True
            finally:
                # be sure the FD is closed no matter what
                os.close(errpipe_write)
    
            self._close_pipe_fds(p2cread, p2cwrite,
                                 c2pread, c2pwrite,
                                 errread, errwrite)
    
            # Wait for exec to fail or succeed; possibly raising an
            # exception (limited in size)
            errpipe_data = bytearray()
            while True:
                part = os.read(errpipe_read, 50000)
                errpipe_data += part
                if not part or len(errpipe_data) > 50000:
                    break
        finally:
            # be sure the FD is closed no matter what
            os.close(errpipe_read)
    
        if errpipe_data:
            try:
                pid, sts = os.waitpid(self.pid, 0)
                if pid == self.pid:
                    self._handle_exitstatus(sts)
                else:
                    self.returncode = sys.maxsize
            except ChildProcessError:
                pass
    
            try:
                exception_name, hex_errno, err_msg = (
                        errpipe_data.split(b':', 2))
                # The encoding here should match the encoding
                # written in by the subprocess implementations
                # like _posixsubprocess
                err_msg = err_msg.decode()
            except ValueError:
                exception_name = b'SubprocessError'
                hex_errno = b'0'
                err_msg = 'Bad exception data from child: {!r}'.format(
                              bytes(errpipe_data))
            child_exception_type = getattr(
                    builtins, exception_name.decode('ascii'),
                    SubprocessError)
            if issubclass(child_exception_type, OSError) and hex_errno:
                errno_num = int(hex_errno, 16)
                child_exec_never_called = (err_msg == "noexec")
                if child_exec_never_called:
                    err_msg = ""
                    # The error must be from chdir(cwd).
                    err_filename = cwd
                else:
                    err_filename = orig_executable
                if errno_num != 0:
                    err_msg = os.strerror(errno_num)
>               raise child_exception_type(errno_num, err_msg, err_filename)
E               FileNotFoundError: [Errno 2] No such file or directory: 'python'

../../../../.local/share/uv/python/cpython-3.10.19-linux-x86_64-gnu/lib/python3.10/subprocess.py:1863: FileNotFoundError
_______ ERROR at setup of test_default_panel_reflows_with_wasm[chromium] _______

request = <SubRequest 'server' for <Function test_same_wrapper_native_corpus[chromium-root]>>
site_dir = PosixPath('/home/egallego/lean/verso-slides/.worktrees/vir-prettym-main435-integration/.qualification-main435-20261009/SITE')

    @pytest.fixture(scope="session")
    def server(request, site_dir):
        """Start a local HTTP server for the built site, or use an existing one."""
        external_url = request.config.getoption("--server-url")
    
        if external_url:
            yield external_url
            return
    
        port = request.config.getoption("--port")
    
        if port is None:
            port = find_free_port()
        else:
            port = int(port)
    
>       proc = subprocess.Popen(
            ["python", "-m", "http.server", str(port), "--bind", "127.0.0.1"],
            cwd=site_dir,
            stdout=subprocess.DEVNULL,
            stderr=subprocess.DEVNULL
        )

browser-tests/conftest.py:177: 
_ _ _ _ _ _ _ _ _ _ _ _ _ _ _ _ _ _ _ _ _ _ _ _ _ _ _ _ _ _ _ _ _ _ _ _ _ _ _ _ 
../../../../.local/share/uv/python/cpython-3.10.19-linux-x86_64-gnu/lib/python3.10/subprocess.py:971: in __init__
    self._execute_child(args, executable, preexec_fn, close_fds,
_ _ _ _ _ _ _ _ _ _ _ _ _ _ _ _ _ _ _ _ _ _ _ _ _ _ _ _ _ _ _ _ _ _ _ _ _ _ _ _ 

self = <Popen: returncode: 255 args: ['python', '-m', 'http.server', '41777', '--bi...>
args = ['python', '-m', 'http.server', '41777', '--bind', '127.0.0.1']
executable = b'python', preexec_fn = None, close_fds = True, pass_fds = ()
cwd = PosixPath('/home/egallego/lean/verso-slides/.worktrees/vir-prettym-main435-integration/.qualification-main435-20261009/SITE')
env = None, startupinfo = None, creationflags = 0, shell = False, p2cread = -1
p2cwrite = -1, c2pread = -1, c2pwrite = 12, errread = -1, errwrite = 12
restore_signals = True, gid = None, gids = None, uid = None, umask = -1
start_new_session = False

    def _execute_child(self, args, executable, preexec_fn, close_fds,
                       pass_fds, cwd, env,
                       startupinfo, creationflags, shell,
                       p2cread, p2cwrite,
                       c2pread, c2pwrite,
                       errread, errwrite,
                       restore_signals,
                       gid, gids, uid, umask,
                       start_new_session):
        """Execute program (POSIX version)"""
    
        if isinstance(args, (str, bytes)):
            args = [args]
        elif isinstance(args, os.PathLike):
            if shell:
                raise TypeError('path-like args is not allowed when '
                                'shell is true')
            args = [args]
        else:
            args = list(args)
    
        if shell:
            # On Android the default shell is at '/system/bin/sh'.
            unix_shell = ('/system/bin/sh' if
                      hasattr(sys, 'getandroidapilevel') else '/bin/sh')
            args = [unix_shell, "-c"] + args
            if executable:
                args[0] = executable
    
        if executable is None:
            executable = args[0]
    
        sys.audit("subprocess.Popen", executable, args, cwd, env)
    
        if (_USE_POSIX_SPAWN
                and os.path.dirname(executable)
                and preexec_fn is None
                and not close_fds
                and not pass_fds
                and cwd is None
                and (p2cread == -1 or p2cread > 2)
                and (c2pwrite == -1 or c2pwrite > 2)
                and (errwrite == -1 or errwrite > 2)
                and not start_new_session
                and gid is None
                and gids is None
                and uid is None
                and umask < 0):
            self._posix_spawn(args, executable, env, restore_signals,
                              p2cread, p2cwrite,
                              c2pread, c2pwrite,
                              errread, errwrite)
            return
    
        orig_executable = executable
    
        # For transferring possible exec failure from child to parent.
        # Data format: "exception name:hex errno:description"
        # Pickle is not used; it is complex and involves memory allocation.
        errpipe_read, errpipe_write = os.pipe()
        # errpipe_write must not be in the standard io 0, 1, or 2 fd range.
        low_fds_to_close = []
        while errpipe_write < 3:
            low_fds_to_close.append(errpipe_write)
            errpipe_write = os.dup(errpipe_write)
        for low_fd in low_fds_to_close:
            os.close(low_fd)
        try:
            try:
                # We must avoid complex work that could involve
                # malloc or free in the child process to avoid
                # potential deadlocks, thus we do all this here.
                # and pass it to fork_exec()
    
                if env is not None:
                    env_list = []
                    for k, v in env.items():
                        k = os.fsencode(k)
                        if b'=' in k:
                            raise ValueError("illegal environment variable name")
                        env_list.append(k + b'=' + os.fsencode(v))
                else:
                    env_list = None  # Use execv instead of execve.
                executable = os.fsencode(executable)
                if os.path.dirname(executable):
                    executable_list = (executable,)
                else:
                    # This matches the behavior of os._execvpe().
                    executable_list = tuple(
                        os.path.join(os.fsencode(dir), executable)
                        for dir in os.get_exec_path(env))
                fds_to_keep = set(pass_fds)
                fds_to_keep.add(errpipe_write)
                self.pid = _posixsubprocess.fork_exec(
                        args, executable_list,
                        close_fds, tuple(sorted(map(int, fds_to_keep))),
                        cwd, env_list,
                        p2cread, p2cwrite, c2pread, c2pwrite,
                        errread, errwrite,
                        errpipe_read, errpipe_write,
                        restore_signals, start_new_session,
                        gid, gids, uid, umask,
                        preexec_fn)
                self._child_created = True
            finally:
                # be sure the FD is closed no matter what
                os.close(errpipe_write)
    
            self._close_pipe_fds(p2cread, p2cwrite,
                                 c2pread, c2pwrite,
                                 errread, errwrite)
    
            # Wait for exec to fail or succeed; possibly raising an
            # exception (limited in size)
            errpipe_data = bytearray()
            while True:
                part = os.read(errpipe_read, 50000)
                errpipe_data += part
                if not part or len(errpipe_data) > 50000:
                    break
        finally:
            # be sure the FD is closed no matter what
            os.close(errpipe_read)
    
        if errpipe_data:
            try:
                pid, sts = os.waitpid(self.pid, 0)
                if pid == self.pid:
                    self._handle_exitstatus(sts)
                else:
                    self.returncode = sys.maxsize
            except ChildProcessError:
                pass
    
            try:
                exception_name, hex_errno, err_msg = (
                        errpipe_data.split(b':', 2))
                # The encoding here should match the encoding
                # written in by the subprocess implementations
                # like _posixsubprocess
                err_msg = err_msg.decode()
            except ValueError:
                exception_name = b'SubprocessError'
                hex_errno = b'0'
                err_msg = 'Bad exception data from child: {!r}'.format(
                              bytes(errpipe_data))
            child_exception_type = getattr(
                    builtins, exception_name.decode('ascii'),
                    SubprocessError)
            if issubclass(child_exception_type, OSError) and hex_errno:
                errno_num = int(hex_errno, 16)
                child_exec_never_called = (err_msg == "noexec")
                if child_exec_never_called:
                    err_msg = ""
                    # The error must be from chdir(cwd).
                    err_filename = cwd
                else:
                    err_filename = orig_executable
                if errno_num != 0:
                    err_msg = os.strerror(errno_num)
>               raise child_exception_type(errno_num, err_msg, err_filename)
E               FileNotFoundError: [Errno 2] No such file or directory: 'python'

../../../../.local/share/uv/python/cpython-3.10.19-linux-x86_64-gnu/lib/python3.10/subprocess.py:1863: FileNotFoundError
___ ERROR at setup of test_independent_deck_uses_published_runtime[chromium] ___

request = <SubRequest 'server' for <Function test_same_wrapper_native_corpus[chromium-root]>>
site_dir = PosixPath('/home/egallego/lean/verso-slides/.worktrees/vir-prettym-main435-integration/.qualification-main435-20261009/SITE')

    @pytest.fixture(scope="session")
    def server(request, site_dir):
        """Start a local HTTP server for the built site, or use an existing one."""
        external_url = request.config.getoption("--server-url")
    
        if external_url:
            yield external_url
            return
    
        port = request.config.getoption("--port")
    
        if port is None:
            port = find_free_port()
        else:
            port = int(port)
    
>       proc = subprocess.Popen(
            ["python", "-m", "http.server", str(port), "--bind", "127.0.0.1"],
            cwd=site_dir,
            stdout=subprocess.DEVNULL,
            stderr=subprocess.DEVNULL
        )

browser-tests/conftest.py:177: 
_ _ _ _ _ _ _ _ _ _ _ _ _ _ _ _ _ _ _ _ _ _ _ _ _ _ _ _ _ _ _ _ _ _ _ _ _ _ _ _ 
../../../../.local/share/uv/python/cpython-3.10.19-linux-x86_64-gnu/lib/python3.10/subprocess.py:971: in __init__
    self._execute_child(args, executable, preexec_fn, close_fds,
_ _ _ _ _ _ _ _ _ _ _ _ _ _ _ _ _ _ _ _ _ _ _ _ _ _ _ _ _ _ _ _ _ _ _ _ _ _ _ _ 

self = <Popen: returncode: 255 args: ['python', '-m', 'http.server', '41777', '--bi...>
args = ['python', '-m', 'http.server', '41777', '--bind', '127.0.0.1']
executable = b'python', preexec_fn = None, close_fds = True, pass_fds = ()
cwd = PosixPath('/home/egallego/lean/verso-slides/.worktrees/vir-prettym-main435-integration/.qualification-main435-20261009/SITE')
env = None, startupinfo = None, creationflags = 0, shell = False, p2cread = -1
p2cwrite = -1, c2pread = -1, c2pwrite = 12, errread = -1, errwrite = 12
restore_signals = True, gid = None, gids = None, uid = None, umask = -1
start_new_session = False

    def _execute_child(self, args, executable, preexec_fn, close_fds,
                       pass_fds, cwd, env,
                       startupinfo, creationflags, shell,
                       p2cread, p2cwrite,
                       c2pread, c2pwrite,
                       errread, errwrite,
                       restore_signals,
                       gid, gids, uid, umask,
                       start_new_session):
        """Execute program (POSIX version)"""
    
        if isinstance(args, (str, bytes)):
            args = [args]
        elif isinstance(args, os.PathLike):
            if shell:
                raise TypeError('path-like args is not allowed when '
                                'shell is true')
            args = [args]
        else:
            args = list(args)
    
        if shell:
            # On Android the default shell is at '/system/bin/sh'.
            unix_shell = ('/system/bin/sh' if
                      hasattr(sys, 'getandroidapilevel') else '/bin/sh')
            args = [unix_shell, "-c"] + args
            if executable:
                args[0] = executable
    
        if executable is None:
            executable = args[0]
    
        sys.audit("subprocess.Popen", executable, args, cwd, env)
    
        if (_USE_POSIX_SPAWN
                and os.path.dirname(executable)
                and preexec_fn is None
                and not close_fds
                and not pass_fds
                and cwd is None
                and (p2cread == -1 or p2cread > 2)
                and (c2pwrite == -1 or c2pwrite > 2)
                and (errwrite == -1 or errwrite > 2)
                and not start_new_session
                and gid is None
                and gids is None
                and uid is None
                and umask < 0):
            self._posix_spawn(args, executable, env, restore_signals,
                              p2cread, p2cwrite,
                              c2pread, c2pwrite,
                              errread, errwrite)
            return
    
        orig_executable = executable
    
        # For transferring possible exec failure from child to parent.
        # Data format: "exception name:hex errno:description"
        # Pickle is not used; it is complex and involves memory allocation.
        errpipe_read, errpipe_write = os.pipe()
        # errpipe_write must not be in the standard io 0, 1, or 2 fd range.
        low_fds_to_close = []
        while errpipe_write < 3:
            low_fds_to_close.append(errpipe_write)
            errpipe_write = os.dup(errpipe_write)
        for low_fd in low_fds_to_close:
            os.close(low_fd)
        try:
            try:
                # We must avoid complex work that could involve
                # malloc or free in the child process to avoid
                # potential deadlocks, thus we do all this here.
                # and pass it to fork_exec()
    
                if env is not None:
                    env_list = []
                    for k, v in env.items():
                        k = os.fsencode(k)
                        if b'=' in k:
                            raise ValueError("illegal environment variable name")
                        env_list.append(k + b'=' + os.fsencode(v))
                else:
                    env_list = None  # Use execv instead of execve.
                executable = os.fsencode(executable)
                if os.path.dirname(executable):
                    executable_list = (executable,)
                else:
                    # This matches the behavior of os._execvpe().
                    executable_list = tuple(
                        os.path.join(os.fsencode(dir), executable)
                        for dir in os.get_exec_path(env))
                fds_to_keep = set(pass_fds)
                fds_to_keep.add(errpipe_write)
                self.pid = _posixsubprocess.fork_exec(
                        args, executable_list,
                        close_fds, tuple(sorted(map(int, fds_to_keep))),
                        cwd, env_list,
                        p2cread, p2cwrite, c2pread, c2pwrite,
                        errread, errwrite,
                        errpipe_read, errpipe_write,
                        restore_signals, start_new_session,
                        gid, gids, uid, umask,
                        preexec_fn)
                self._child_created = True
            finally:
                # be sure the FD is closed no matter what
                os.close(errpipe_write)
    
            self._close_pipe_fds(p2cread, p2cwrite,
                                 c2pread, c2pwrite,
                                 errread, errwrite)
    
            # Wait for exec to fail or succeed; possibly raising an
            # exception (limited in size)
            errpipe_data = bytearray()
            while True:
                part = os.read(errpipe_read, 50000)
                errpipe_data += part
                if not part or len(errpipe_data) > 50000:
                    break
        finally:
            # be sure the FD is closed no matter what
            os.close(errpipe_read)
    
        if errpipe_data:
            try:
                pid, sts = os.waitpid(self.pid, 0)
                if pid == self.pid:
                    self._handle_exitstatus(sts)
                else:
                    self.returncode = sys.maxsize
            except ChildProcessError:
                pass
    
            try:
                exception_name, hex_errno, err_msg = (
                        errpipe_data.split(b':', 2))
                # The encoding here should match the encoding
                # written in by the subprocess implementations
                # like _posixsubprocess
                err_msg = err_msg.decode()
            except ValueError:
                exception_name = b'SubprocessError'
                hex_errno = b'0'
                err_msg = 'Bad exception data from child: {!r}'.format(
                              bytes(errpipe_data))
            child_exception_type = getattr(
                    builtins, exception_name.decode('ascii'),
                    SubprocessError)
            if issubclass(child_exception_type, OSError) and hex_errno:
                errno_num = int(hex_errno, 16)
                child_exec_never_called = (err_msg == "noexec")
                if child_exec_never_called:
                    err_msg = ""
                    # The error must be from chdir(cwd).
                    err_filename = cwd
                else:
                    err_filename = orig_executable
                if errno_num != 0:
                    err_msg = os.strerror(errno_num)
>               raise child_exception_type(errno_num, err_msg, err_filename)
E               FileNotFoundError: [Errno 2] No such file or directory: 'python'

../../../../.local/share/uv/python/cpython-3.10.19-linux-x86_64-gnu/lib/python3.10/subprocess.py:1863: FileNotFoundError
_ ERROR at setup of test_complete_native_segments_tags_classes_and_bindings_in_dom[chromium] _

request = <SubRequest 'server' for <Function test_same_wrapper_native_corpus[chromium-root]>>
site_dir = PosixPath('/home/egallego/lean/verso-slides/.worktrees/vir-prettym-main435-integration/.qualification-main435-20261009/SITE')

    @pytest.fixture(scope="session")
    def server(request, site_dir):
        """Start a local HTTP server for the built site, or use an existing one."""
        external_url = request.config.getoption("--server-url")
    
        if external_url:
            yield external_url
            return
    
        port = request.config.getoption("--port")
    
        if port is None:
            port = find_free_port()
        else:
            port = int(port)
    
>       proc = subprocess.Popen(
            ["python", "-m", "http.server", str(port), "--bind", "127.0.0.1"],
            cwd=site_dir,
            stdout=subprocess.DEVNULL,
            stderr=subprocess.DEVNULL
        )

browser-tests/conftest.py:177: 
_ _ _ _ _ _ _ _ _ _ _ _ _ _ _ _ _ _ _ _ _ _ _ _ _ _ _ _ _ _ _ _ _ _ _ _ _ _ _ _ 
../../../../.local/share/uv/python/cpython-3.10.19-linux-x86_64-gnu/lib/python3.10/subprocess.py:971: in __init__
    self._execute_child(args, executable, preexec_fn, close_fds,
_ _ _ _ _ _ _ _ _ _ _ _ _ _ _ _ _ _ _ _ _ _ _ _ _ _ _ _ _ _ _ _ _ _ _ _ _ _ _ _ 

self = <Popen: returncode: 255 args: ['python', '-m', 'http.server', '41777', '--bi...>
args = ['python', '-m', 'http.server', '41777', '--bind', '127.0.0.1']
executable = b'python', preexec_fn = None, close_fds = True, pass_fds = ()
cwd = PosixPath('/home/egallego/lean/verso-slides/.worktrees/vir-prettym-main435-integration/.qualification-main435-20261009/SITE')
env = None, startupinfo = None, creationflags = 0, shell = False, p2cread = -1
p2cwrite = -1, c2pread = -1, c2pwrite = 12, errread = -1, errwrite = 12
restore_signals = True, gid = None, gids = None, uid = None, umask = -1
start_new_session = False

    def _execute_child(self, args, executable, preexec_fn, close_fds,
                       pass_fds, cwd, env,
                       startupinfo, creationflags, shell,
                       p2cread, p2cwrite,
                       c2pread, c2pwrite,
                       errread, errwrite,
                       restore_signals,
                       gid, gids, uid, umask,
                       start_new_session):
        """Execute program (POSIX version)"""
    
        if isinstance(args, (str, bytes)):
            args = [args]
        elif isinstance(args, os.PathLike):
            if shell:
                raise TypeError('path-like args is not allowed when '
                                'shell is true')
            args = [args]
        else:
            args = list(args)
    
        if shell:
            # On Android the default shell is at '/system/bin/sh'.
            unix_shell = ('/system/bin/sh' if
                      hasattr(sys, 'getandroidapilevel') else '/bin/sh')
            args = [unix_shell, "-c"] + args
            if executable:
                args[0] = executable
    
        if executable is None:
            executable = args[0]
    
        sys.audit("subprocess.Popen", executable, args, cwd, env)
    
        if (_USE_POSIX_SPAWN
                and os.path.dirname(executable)
                and preexec_fn is None
                and not close_fds
                and not pass_fds
                and cwd is None
                and (p2cread == -1 or p2cread > 2)
                and (c2pwrite == -1 or c2pwrite > 2)
                and (errwrite == -1 or errwrite > 2)
                and not start_new_session
                and gid is None
                and gids is None
                and uid is None
                and umask < 0):
            self._posix_spawn(args, executable, env, restore_signals,
                              p2cread, p2cwrite,
                              c2pread, c2pwrite,
                              errread, errwrite)
            return
    
        orig_executable = executable
    
        # For transferring possible exec failure from child to parent.
        # Data format: "exception name:hex errno:description"
        # Pickle is not used; it is complex and involves memory allocation.
        errpipe_read, errpipe_write = os.pipe()
        # errpipe_write must not be in the standard io 0, 1, or 2 fd range.
        low_fds_to_close = []
        while errpipe_write < 3:
            low_fds_to_close.append(errpipe_write)
            errpipe_write = os.dup(errpipe_write)
        for low_fd in low_fds_to_close:
            os.close(low_fd)
        try:
            try:
                # We must avoid complex work that could involve
                # malloc or free in the child process to avoid
                # potential deadlocks, thus we do all this here.
                # and pass it to fork_exec()
    
                if env is not None:
                    env_list = []
                    for k, v in env.items():
                        k = os.fsencode(k)
                        if b'=' in k:
                            raise ValueError("illegal environment variable name")
                        env_list.append(k + b'=' + os.fsencode(v))
                else:
                    env_list = None  # Use execv instead of execve.
                executable = os.fsencode(executable)
                if os.path.dirname(executable):
                    executable_list = (executable,)
                else:
                    # This matches the behavior of os._execvpe().
                    executable_list = tuple(
                        os.path.join(os.fsencode(dir), executable)
                        for dir in os.get_exec_path(env))
                fds_to_keep = set(pass_fds)
                fds_to_keep.add(errpipe_write)
                self.pid = _posixsubprocess.fork_exec(
                        args, executable_list,
                        close_fds, tuple(sorted(map(int, fds_to_keep))),
                        cwd, env_list,
                        p2cread, p2cwrite, c2pread, c2pwrite,
                        errread, errwrite,
                        errpipe_read, errpipe_write,
                        restore_signals, start_new_session,
                        gid, gids, uid, umask,
                        preexec_fn)
                self._child_created = True
            finally:
                # be sure the FD is closed no matter what
                os.close(errpipe_write)
    
            self._close_pipe_fds(p2cread, p2cwrite,
                                 c2pread, c2pwrite,
                                 errread, errwrite)
    
            # Wait for exec to fail or succeed; possibly raising an
            # exception (limited in size)
            errpipe_data = bytearray()
            while True:
                part = os.read(errpipe_read, 50000)
                errpipe_data += part
                if not part or len(errpipe_data) > 50000:
                    break
        finally:
            # be sure the FD is closed no matter what
            os.close(errpipe_read)
    
        if errpipe_data:
            try:
                pid, sts = os.waitpid(self.pid, 0)
                if pid == self.pid:
                    self._handle_exitstatus(sts)
                else:
                    self.returncode = sys.maxsize
            except ChildProcessError:
                pass
    
            try:
                exception_name, hex_errno, err_msg = (
                        errpipe_data.split(b':', 2))
                # The encoding here should match the encoding
                # written in by the subprocess implementations
                # like _posixsubprocess
                err_msg = err_msg.decode()
            except ValueError:
                exception_name = b'SubprocessError'
                hex_errno = b'0'
                err_msg = 'Bad exception data from child: {!r}'.format(
                              bytes(errpipe_data))
            child_exception_type = getattr(
                    builtins, exception_name.decode('ascii'),
                    SubprocessError)
            if issubclass(child_exception_type, OSError) and hex_errno:
                errno_num = int(hex_errno, 16)
                child_exec_never_called = (err_msg == "noexec")
                if child_exec_never_called:
                    err_msg = ""
                    # The error must be from chdir(cwd).
                    err_filename = cwd
                else:
                    err_filename = orig_executable
                if errno_num != 0:
                    err_msg = os.strerror(errno_num)
>               raise child_exception_type(errno_num, err_msg, err_filename)
E               FileNotFoundError: [Errno 2] No such file or directory: 'python'

../../../../.local/share/uv/python/cpython-3.10.19-linux-x86_64-gnu/lib/python3.10/subprocess.py:1863: FileNotFoundError
_ ERROR at setup of test_existing_text_and_binding_escaping_with_large_tags[chromium] _

request = <SubRequest 'server' for <Function test_same_wrapper_native_corpus[chromium-root]>>
site_dir = PosixPath('/home/egallego/lean/verso-slides/.worktrees/vir-prettym-main435-integration/.qualification-main435-20261009/SITE')

    @pytest.fixture(scope="session")
    def server(request, site_dir):
        """Start a local HTTP server for the built site, or use an existing one."""
        external_url = request.config.getoption("--server-url")
    
        if external_url:
            yield external_url
            return
    
        port = request.config.getoption("--port")
    
        if port is None:
            port = find_free_port()
        else:
            port = int(port)
    
>       proc = subprocess.Popen(
            ["python", "-m", "http.server", str(port), "--bind", "127.0.0.1"],
            cwd=site_dir,
            stdout=subprocess.DEVNULL,
            stderr=subprocess.DEVNULL
        )

browser-tests/conftest.py:177: 
_ _ _ _ _ _ _ _ _ _ _ _ _ _ _ _ _ _ _ _ _ _ _ _ _ _ _ _ _ _ _ _ _ _ _ _ _ _ _ _ 
../../../../.local/share/uv/python/cpython-3.10.19-linux-x86_64-gnu/lib/python3.10/subprocess.py:971: in __init__
    self._execute_child(args, executable, preexec_fn, close_fds,
_ _ _ _ _ _ _ _ _ _ _ _ _ _ _ _ _ _ _ _ _ _ _ _ _ _ _ _ _ _ _ _ _ _ _ _ _ _ _ _ 

self = <Popen: returncode: 255 args: ['python', '-m', 'http.server', '41777', '--bi...>
args = ['python', '-m', 'http.server', '41777', '--bind', '127.0.0.1']
executable = b'python', preexec_fn = None, close_fds = True, pass_fds = ()
cwd = PosixPath('/home/egallego/lean/verso-slides/.worktrees/vir-prettym-main435-integration/.qualification-main435-20261009/SITE')
env = None, startupinfo = None, creationflags = 0, shell = False, p2cread = -1
p2cwrite = -1, c2pread = -1, c2pwrite = 12, errread = -1, errwrite = 12
restore_signals = True, gid = None, gids = None, uid = None, umask = -1
start_new_session = False

    def _execute_child(self, args, executable, preexec_fn, close_fds,
                       pass_fds, cwd, env,
                       startupinfo, creationflags, shell,
                       p2cread, p2cwrite,
                       c2pread, c2pwrite,
                       errread, errwrite,
                       restore_signals,
                       gid, gids, uid, umask,
                       start_new_session):
        """Execute program (POSIX version)"""
    
        if isinstance(args, (str, bytes)):
            args = [args]
        elif isinstance(args, os.PathLike):
            if shell:
                raise TypeError('path-like args is not allowed when '
                                'shell is true')
            args = [args]
        else:
            args = list(args)
    
        if shell:
            # On Android the default shell is at '/system/bin/sh'.
            unix_shell = ('/system/bin/sh' if
                      hasattr(sys, 'getandroidapilevel') else '/bin/sh')
            args = [unix_shell, "-c"] + args
            if executable:
                args[0] = executable
    
        if executable is None:
            executable = args[0]
    
        sys.audit("subprocess.Popen", executable, args, cwd, env)
    
        if (_USE_POSIX_SPAWN
                and os.path.dirname(executable)
                and preexec_fn is None
                and not close_fds
                and not pass_fds
                and cwd is None
                and (p2cread == -1 or p2cread > 2)
                and (c2pwrite == -1 or c2pwrite > 2)
                and (errwrite == -1 or errwrite > 2)
                and not start_new_session
                and gid is None
                and gids is None
                and uid is None
                and umask < 0):
            self._posix_spawn(args, executable, env, restore_signals,
                              p2cread, p2cwrite,
                              c2pread, c2pwrite,
                              errread, errwrite)
            return
    
        orig_executable = executable
    
        # For transferring possible exec failure from child to parent.
        # Data format: "exception name:hex errno:description"
        # Pickle is not used; it is complex and involves memory allocation.
        errpipe_read, errpipe_write = os.pipe()
        # errpipe_write must not be in the standard io 0, 1, or 2 fd range.
        low_fds_to_close = []
        while errpipe_write < 3:
            low_fds_to_close.append(errpipe_write)
            errpipe_write = os.dup(errpipe_write)
        for low_fd in low_fds_to_close:
            os.close(low_fd)
        try:
            try:
                # We must avoid complex work that could involve
                # malloc or free in the child process to avoid
                # potential deadlocks, thus we do all this here.
                # and pass it to fork_exec()
    
                if env is not None:
                    env_list = []
                    for k, v in env.items():
                        k = os.fsencode(k)
                        if b'=' in k:
                            raise ValueError("illegal environment variable name")
                        env_list.append(k + b'=' + os.fsencode(v))
                else:
                    env_list = None  # Use execv instead of execve.
                executable = os.fsencode(executable)
                if os.path.dirname(executable):
                    executable_list = (executable,)
                else:
                    # This matches the behavior of os._execvpe().
                    executable_list = tuple(
                        os.path.join(os.fsencode(dir), executable)
                        for dir in os.get_exec_path(env))
                fds_to_keep = set(pass_fds)
                fds_to_keep.add(errpipe_write)
                self.pid = _posixsubprocess.fork_exec(
                        args, executable_list,
                        close_fds, tuple(sorted(map(int, fds_to_keep))),
                        cwd, env_list,
                        p2cread, p2cwrite, c2pread, c2pwrite,
                        errread, errwrite,
                        errpipe_read, errpipe_write,
                        restore_signals, start_new_session,
                        gid, gids, uid, umask,
                        preexec_fn)
                self._child_created = True
            finally:
                # be sure the FD is closed no matter what
                os.close(errpipe_write)
    
            self._close_pipe_fds(p2cread, p2cwrite,
                                 c2pread, c2pwrite,
                                 errread, errwrite)
    
            # Wait for exec to fail or succeed; possibly raising an
            # exception (limited in size)
            errpipe_data = bytearray()
            while True:
                part = os.read(errpipe_read, 50000)
                errpipe_data += part
                if not part or len(errpipe_data) > 50000:
                    break
        finally:
            # be sure the FD is closed no matter what
            os.close(errpipe_read)
    
        if errpipe_data:
            try:
                pid, sts = os.waitpid(self.pid, 0)
                if pid == self.pid:
                    self._handle_exitstatus(sts)
                else:
                    self.returncode = sys.maxsize
            except ChildProcessError:
                pass
    
            try:
                exception_name, hex_errno, err_msg = (
                        errpipe_data.split(b':', 2))
                # The encoding here should match the encoding
                # written in by the subprocess implementations
                # like _posixsubprocess
                err_msg = err_msg.decode()
            except ValueError:
                exception_name = b'SubprocessError'
                hex_errno = b'0'
                err_msg = 'Bad exception data from child: {!r}'.format(
                              bytes(errpipe_data))
            child_exception_type = getattr(
                    builtins, exception_name.decode('ascii'),
                    SubprocessError)
            if issubclass(child_exception_type, OSError) and hex_errno:
                errno_num = int(hex_errno, 16)
                child_exec_never_called = (err_msg == "noexec")
                if child_exec_never_called:
                    err_msg = ""
                    # The error must be from chdir(cwd).
                    err_filename = cwd
                else:
                    err_filename = orig_executable
                if errno_num != 0:
                    err_msg = os.strerror(errno_num)
>               raise child_exception_type(errno_num, err_msg, err_filename)
E               FileNotFoundError: [Errno 2] No such file or directory: 'python'

../../../../.local/share/uv/python/cpython-3.10.19-linux-x86_64-gnu/lib/python3.10/subprocess.py:1863: FileNotFoundError
_ ERROR at setup of test_shared_goal_preserves_ordinary_binding_interaction[chromium] _

request = <SubRequest 'server' for <Function test_same_wrapper_native_corpus[chromium-root]>>
site_dir = PosixPath('/home/egallego/lean/verso-slides/.worktrees/vir-prettym-main435-integration/.qualification-main435-20261009/SITE')

    @pytest.fixture(scope="session")
    def server(request, site_dir):
        """Start a local HTTP server for the built site, or use an existing one."""
        external_url = request.config.getoption("--server-url")
    
        if external_url:
            yield external_url
            return
    
        port = request.config.getoption("--port")
    
        if port is None:
            port = find_free_port()
        else:
            port = int(port)
    
>       proc = subprocess.Popen(
            ["python", "-m", "http.server", str(port), "--bind", "127.0.0.1"],
            cwd=site_dir,
            stdout=subprocess.DEVNULL,
            stderr=subprocess.DEVNULL
        )

browser-tests/conftest.py:177: 
_ _ _ _ _ _ _ _ _ _ _ _ _ _ _ _ _ _ _ _ _ _ _ _ _ _ _ _ _ _ _ _ _ _ _ _ _ _ _ _ 
../../../../.local/share/uv/python/cpython-3.10.19-linux-x86_64-gnu/lib/python3.10/subprocess.py:971: in __init__
    self._execute_child(args, executable, preexec_fn, close_fds,
_ _ _ _ _ _ _ _ _ _ _ _ _ _ _ _ _ _ _ _ _ _ _ _ _ _ _ _ _ _ _ _ _ _ _ _ _ _ _ _ 

self = <Popen: returncode: 255 args: ['python', '-m', 'http.server', '41777', '--bi...>
args = ['python', '-m', 'http.server', '41777', '--bind', '127.0.0.1']
executable = b'python', preexec_fn = None, close_fds = True, pass_fds = ()
cwd = PosixPath('/home/egallego/lean/verso-slides/.worktrees/vir-prettym-main435-integration/.qualification-main435-20261009/SITE')
env = None, startupinfo = None, creationflags = 0, shell = False, p2cread = -1
p2cwrite = -1, c2pread = -1, c2pwrite = 12, errread = -1, errwrite = 12
restore_signals = True, gid = None, gids = None, uid = None, umask = -1
start_new_session = False

    def _execute_child(self, args, executable, preexec_fn, close_fds,
                       pass_fds, cwd, env,
                       startupinfo, creationflags, shell,
                       p2cread, p2cwrite,
                       c2pread, c2pwrite,
                       errread, errwrite,
                       restore_signals,
                       gid, gids, uid, umask,
                       start_new_session):
        """Execute program (POSIX version)"""
    
        if isinstance(args, (str, bytes)):
            args = [args]
        elif isinstance(args, os.PathLike):
            if shell:
                raise TypeError('path-like args is not allowed when '
                                'shell is true')
            args = [args]
        else:
            args = list(args)
    
        if shell:
            # On Android the default shell is at '/system/bin/sh'.
            unix_shell = ('/system/bin/sh' if
                      hasattr(sys, 'getandroidapilevel') else '/bin/sh')
            args = [unix_shell, "-c"] + args
            if executable:
                args[0] = executable
    
        if executable is None:
            executable = args[0]
    
        sys.audit("subprocess.Popen", executable, args, cwd, env)
    
        if (_USE_POSIX_SPAWN
                and os.path.dirname(executable)
                and preexec_fn is None
                and not close_fds
                and not pass_fds
                and cwd is None
                and (p2cread == -1 or p2cread > 2)
                and (c2pwrite == -1 or c2pwrite > 2)
                and (errwrite == -1 or errwrite > 2)
                and not start_new_session
                and gid is None
                and gids is None
                and uid is None
                and umask < 0):
            self._posix_spawn(args, executable, env, restore_signals,
                              p2cread, p2cwrite,
                              c2pread, c2pwrite,
                              errread, errwrite)
            return
    
        orig_executable = executable
    
        # For transferring possible exec failure from child to parent.
        # Data format: "exception name:hex errno:description"
        # Pickle is not used; it is complex and involves memory allocation.
        errpipe_read, errpipe_write = os.pipe()
        # errpipe_write must not be in the standard io 0, 1, or 2 fd range.
        low_fds_to_close = []
        while errpipe_write < 3:
            low_fds_to_close.append(errpipe_write)
            errpipe_write = os.dup(errpipe_write)
        for low_fd in low_fds_to_close:
            os.close(low_fd)
        try:
            try:
                # We must avoid complex work that could involve
                # malloc or free in the child process to avoid
                # potential deadlocks, thus we do all this here.
                # and pass it to fork_exec()
    
                if env is not None:
                    env_list = []
                    for k, v in env.items():
                        k = os.fsencode(k)
                        if b'=' in k:
                            raise ValueError("illegal environment variable name")
                        env_list.append(k + b'=' + os.fsencode(v))
                else:
                    env_list = None  # Use execv instead of execve.
                executable = os.fsencode(executable)
                if os.path.dirname(executable):
                    executable_list = (executable,)
                else:
                    # This matches the behavior of os._execvpe().
                    executable_list = tuple(
                        os.path.join(os.fsencode(dir), executable)
                        for dir in os.get_exec_path(env))
                fds_to_keep = set(pass_fds)
                fds_to_keep.add(errpipe_write)
                self.pid = _posixsubprocess.fork_exec(
                        args, executable_list,
                        close_fds, tuple(sorted(map(int, fds_to_keep))),
                        cwd, env_list,
                        p2cread, p2cwrite, c2pread, c2pwrite,
                        errread, errwrite,
                        errpipe_read, errpipe_write,
                        restore_signals, start_new_session,
                        gid, gids, uid, umask,
                        preexec_fn)
                self._child_created = True
            finally:
                # be sure the FD is closed no matter what
                os.close(errpipe_write)
    
            self._close_pipe_fds(p2cread, p2cwrite,
                                 c2pread, c2pwrite,
                                 errread, errwrite)
    
            # Wait for exec to fail or succeed; possibly raising an
            # exception (limited in size)
            errpipe_data = bytearray()
            while True:
                part = os.read(errpipe_read, 50000)
                errpipe_data += part
                if not part or len(errpipe_data) > 50000:
                    break
        finally:
            # be sure the FD is closed no matter what
            os.close(errpipe_read)
    
        if errpipe_data:
            try:
                pid, sts = os.waitpid(self.pid, 0)
                if pid == self.pid:
                    self._handle_exitstatus(sts)
                else:
                    self.returncode = sys.maxsize
            except ChildProcessError:
                pass
    
            try:
                exception_name, hex_errno, err_msg = (
                        errpipe_data.split(b':', 2))
                # The encoding here should match the encoding
                # written in by the subprocess implementations
                # like _posixsubprocess
                err_msg = err_msg.decode()
            except ValueError:
                exception_name = b'SubprocessError'
                hex_errno = b'0'
                err_msg = 'Bad exception data from child: {!r}'.format(
                              bytes(errpipe_data))
            child_exception_type = getattr(
                    builtins, exception_name.decode('ascii'),
                    SubprocessError)
            if issubclass(child_exception_type, OSError) and hex_errno:
                errno_num = int(hex_errno, 16)
                child_exec_never_called = (err_msg == "noexec")
                if child_exec_never_called:
                    err_msg = ""
                    # The error must be from chdir(cwd).
                    err_filename = cwd
                else:
                    err_filename = orig_executable
                if errno_num != 0:
                    err_msg = os.strerror(errno_num)
>               raise child_exception_type(errno_num, err_msg, err_filename)
E               FileNotFoundError: [Errno 2] No such file or directory: 'python'

../../../../.local/share/uv/python/cpython-3.10.19-linux-x86_64-gnu/lib/python3.10/subprocess.py:1863: FileNotFoundError
_ ERROR at setup of test_rejected_format_is_visible_without_static_layout_substitution_or_probe_retention[chromium] _

request = <SubRequest 'server' for <Function test_same_wrapper_native_corpus[chromium-root]>>
site_dir = PosixPath('/home/egallego/lean/verso-slides/.worktrees/vir-prettym-main435-integration/.qualification-main435-20261009/SITE')

    @pytest.fixture(scope="session")
    def server(request, site_dir):
        """Start a local HTTP server for the built site, or use an existing one."""
        external_url = request.config.getoption("--server-url")
    
        if external_url:
            yield external_url
            return
    
        port = request.config.getoption("--port")
    
        if port is None:
            port = find_free_port()
        else:
            port = int(port)
    
>       proc = subprocess.Popen(
            ["python", "-m", "http.server", str(port), "--bind", "127.0.0.1"],
            cwd=site_dir,
            stdout=subprocess.DEVNULL,
            stderr=subprocess.DEVNULL
        )

browser-tests/conftest.py:177: 
_ _ _ _ _ _ _ _ _ _ _ _ _ _ _ _ _ _ _ _ _ _ _ _ _ _ _ _ _ _ _ _ _ _ _ _ _ _ _ _ 
../../../../.local/share/uv/python/cpython-3.10.19-linux-x86_64-gnu/lib/python3.10/subprocess.py:971: in __init__
    self._execute_child(args, executable, preexec_fn, close_fds,
_ _ _ _ _ _ _ _ _ _ _ _ _ _ _ _ _ _ _ _ _ _ _ _ _ _ _ _ _ _ _ _ _ _ _ _ _ _ _ _ 

self = <Popen: returncode: 255 args: ['python', '-m', 'http.server', '41777', '--bi...>
args = ['python', '-m', 'http.server', '41777', '--bind', '127.0.0.1']
executable = b'python', preexec_fn = None, close_fds = True, pass_fds = ()
cwd = PosixPath('/home/egallego/lean/verso-slides/.worktrees/vir-prettym-main435-integration/.qualification-main435-20261009/SITE')
env = None, startupinfo = None, creationflags = 0, shell = False, p2cread = -1
p2cwrite = -1, c2pread = -1, c2pwrite = 12, errread = -1, errwrite = 12
restore_signals = True, gid = None, gids = None, uid = None, umask = -1
start_new_session = False

    def _execute_child(self, args, executable, preexec_fn, close_fds,
                       pass_fds, cwd, env,
                       startupinfo, creationflags, shell,
                       p2cread, p2cwrite,
                       c2pread, c2pwrite,
                       errread, errwrite,
                       restore_signals,
                       gid, gids, uid, umask,
                       start_new_session):
        """Execute program (POSIX version)"""
    
        if isinstance(args, (str, bytes)):
            args = [args]
        elif isinstance(args, os.PathLike):
            if shell:
                raise TypeError('path-like args is not allowed when '
                                'shell is true')
            args = [args]
        else:
            args = list(args)
    
        if shell:
            # On Android the default shell is at '/system/bin/sh'.
            unix_shell = ('/system/bin/sh' if
                      hasattr(sys, 'getandroidapilevel') else '/bin/sh')
            args = [unix_shell, "-c"] + args
            if executable:
                args[0] = executable
    
        if executable is None:
            executable = args[0]
    
        sys.audit("subprocess.Popen", executable, args, cwd, env)
    
        if (_USE_POSIX_SPAWN
                and os.path.dirname(executable)
                and preexec_fn is None
                and not close_fds
                and not pass_fds
                and cwd is None
                and (p2cread == -1 or p2cread > 2)
                and (c2pwrite == -1 or c2pwrite > 2)
                and (errwrite == -1 or errwrite > 2)
                and not start_new_session
                and gid is None
                and gids is None
                and uid is None
                and umask < 0):
            self._posix_spawn(args, executable, env, restore_signals,
                              p2cread, p2cwrite,
                              c2pread, c2pwrite,
                              errread, errwrite)
            return
    
        orig_executable = executable
    
        # For transferring possible exec failure from child to parent.
        # Data format: "exception name:hex errno:description"
        # Pickle is not used; it is complex and involves memory allocation.
        errpipe_read, errpipe_write = os.pipe()
        # errpipe_write must not be in the standard io 0, 1, or 2 fd range.
        low_fds_to_close = []
        while errpipe_write < 3:
            low_fds_to_close.append(errpipe_write)
            errpipe_write = os.dup(errpipe_write)
        for low_fd in low_fds_to_close:
            os.close(low_fd)
        try:
            try:
                # We must avoid complex work that could involve
                # malloc or free in the child process to avoid
                # potential deadlocks, thus we do all this here.
                # and pass it to fork_exec()
    
                if env is not None:
                    env_list = []
                    for k, v in env.items():
                        k = os.fsencode(k)
                        if b'=' in k:
                            raise ValueError("illegal environment variable name")
                        env_list.append(k + b'=' + os.fsencode(v))
                else:
                    env_list = None  # Use execv instead of execve.
                executable = os.fsencode(executable)
                if os.path.dirname(executable):
                    executable_list = (executable,)
                else:
                    # This matches the behavior of os._execvpe().
                    executable_list = tuple(
                        os.path.join(os.fsencode(dir), executable)
                        for dir in os.get_exec_path(env))
                fds_to_keep = set(pass_fds)
                fds_to_keep.add(errpipe_write)
                self.pid = _posixsubprocess.fork_exec(
                        args, executable_list,
                        close_fds, tuple(sorted(map(int, fds_to_keep))),
                        cwd, env_list,
                        p2cread, p2cwrite, c2pread, c2pwrite,
                        errread, errwrite,
                        errpipe_read, errpipe_write,
                        restore_signals, start_new_session,
                        gid, gids, uid, umask,
                        preexec_fn)
                self._child_created = True
            finally:
                # be sure the FD is closed no matter what
                os.close(errpipe_write)
    
            self._close_pipe_fds(p2cread, p2cwrite,
                                 c2pread, c2pwrite,
                                 errread, errwrite)
    
            # Wait for exec to fail or succeed; possibly raising an
            # exception (limited in size)
            errpipe_data = bytearray()
            while True:
                part = os.read(errpipe_read, 50000)
                errpipe_data += part
                if not part or len(errpipe_data) > 50000:
                    break
        finally:
            # be sure the FD is closed no matter what
            os.close(errpipe_read)
    
        if errpipe_data:
            try:
                pid, sts = os.waitpid(self.pid, 0)
                if pid == self.pid:
                    self._handle_exitstatus(sts)
                else:
                    self.returncode = sys.maxsize
            except ChildProcessError:
                pass
    
            try:
                exception_name, hex_errno, err_msg = (
                        errpipe_data.split(b':', 2))
                # The encoding here should match the encoding
                # written in by the subprocess implementations
                # like _posixsubprocess
                err_msg = err_msg.decode()
            except ValueError:
                exception_name = b'SubprocessError'
                hex_errno = b'0'
                err_msg = 'Bad exception data from child: {!r}'.format(
                              bytes(errpipe_data))
            child_exception_type = getattr(
                    builtins, exception_name.decode('ascii'),
                    SubprocessError)
            if issubclass(child_exception_type, OSError) and hex_errno:
                errno_num = int(hex_errno, 16)
                child_exec_never_called = (err_msg == "noexec")
                if child_exec_never_called:
                    err_msg = ""
                    # The error must be from chdir(cwd).
                    err_filename = cwd
                else:
                    err_filename = orig_executable
                if errno_num != 0:
                    err_msg = os.strerror(errno_num)
>               raise child_exception_type(errno_num, err_msg, err_filename)
E               FileNotFoundError: [Errno 2] No such file or directory: 'python'

../../../../.local/share/uv/python/cpython-3.10.19-linux-x86_64-gnu/lib/python3.10/subprocess.py:1863: FileNotFoundError
_ ERROR at setup of test_vir_numeric_admission_keeps_the_same_program_usable[chromium] _

request = <SubRequest 'server' for <Function test_same_wrapper_native_corpus[chromium-root]>>
site_dir = PosixPath('/home/egallego/lean/verso-slides/.worktrees/vir-prettym-main435-integration/.qualification-main435-20261009/SITE')

    @pytest.fixture(scope="session")
    def server(request, site_dir):
        """Start a local HTTP server for the built site, or use an existing one."""
        external_url = request.config.getoption("--server-url")
    
        if external_url:
            yield external_url
            return
    
        port = request.config.getoption("--port")
    
        if port is None:
            port = find_free_port()
        else:
            port = int(port)
    
>       proc = subprocess.Popen(
            ["python", "-m", "http.server", str(port), "--bind", "127.0.0.1"],
            cwd=site_dir,
            stdout=subprocess.DEVNULL,
            stderr=subprocess.DEVNULL
        )

browser-tests/conftest.py:177: 
_ _ _ _ _ _ _ _ _ _ _ _ _ _ _ _ _ _ _ _ _ _ _ _ _ _ _ _ _ _ _ _ _ _ _ _ _ _ _ _ 
../../../../.local/share/uv/python/cpython-3.10.19-linux-x86_64-gnu/lib/python3.10/subprocess.py:971: in __init__
    self._execute_child(args, executable, preexec_fn, close_fds,
_ _ _ _ _ _ _ _ _ _ _ _ _ _ _ _ _ _ _ _ _ _ _ _ _ _ _ _ _ _ _ _ _ _ _ _ _ _ _ _ 

self = <Popen: returncode: 255 args: ['python', '-m', 'http.server', '41777', '--bi...>
args = ['python', '-m', 'http.server', '41777', '--bind', '127.0.0.1']
executable = b'python', preexec_fn = None, close_fds = True, pass_fds = ()
cwd = PosixPath('/home/egallego/lean/verso-slides/.worktrees/vir-prettym-main435-integration/.qualification-main435-20261009/SITE')
env = None, startupinfo = None, creationflags = 0, shell = False, p2cread = -1
p2cwrite = -1, c2pread = -1, c2pwrite = 12, errread = -1, errwrite = 12
restore_signals = True, gid = None, gids = None, uid = None, umask = -1
start_new_session = False

    def _execute_child(self, args, executable, preexec_fn, close_fds,
                       pass_fds, cwd, env,
                       startupinfo, creationflags, shell,
                       p2cread, p2cwrite,
                       c2pread, c2pwrite,
                       errread, errwrite,
                       restore_signals,
                       gid, gids, uid, umask,
                       start_new_session):
        """Execute program (POSIX version)"""
    
        if isinstance(args, (str, bytes)):
            args = [args]
        elif isinstance(args, os.PathLike):
            if shell:
                raise TypeError('path-like args is not allowed when '
                                'shell is true')
            args = [args]
        else:
            args = list(args)
    
        if shell:
            # On Android the default shell is at '/system/bin/sh'.
            unix_shell = ('/system/bin/sh' if
                      hasattr(sys, 'getandroidapilevel') else '/bin/sh')
            args = [unix_shell, "-c"] + args
            if executable:
                args[0] = executable
    
        if executable is None:
            executable = args[0]
    
        sys.audit("subprocess.Popen", executable, args, cwd, env)
    
        if (_USE_POSIX_SPAWN
                and os.path.dirname(executable)
                and preexec_fn is None
                and not close_fds
                and not pass_fds
                and cwd is None
                and (p2cread == -1 or p2cread > 2)
                and (c2pwrite == -1 or c2pwrite > 2)
                and (errwrite == -1 or errwrite > 2)
                and not start_new_session
                and gid is None
                and gids is None
                and uid is None
                and umask < 0):
            self._posix_spawn(args, executable, env, restore_signals,
                              p2cread, p2cwrite,
                              c2pread, c2pwrite,
                              errread, errwrite)
            return
    
        orig_executable = executable
    
        # For transferring possible exec failure from child to parent.
        # Data format: "exception name:hex errno:description"
        # Pickle is not used; it is complex and involves memory allocation.
        errpipe_read, errpipe_write = os.pipe()
        # errpipe_write must not be in the standard io 0, 1, or 2 fd range.
        low_fds_to_close = []
        while errpipe_write < 3:
            low_fds_to_close.append(errpipe_write)
            errpipe_write = os.dup(errpipe_write)
        for low_fd in low_fds_to_close:
            os.close(low_fd)
        try:
            try:
                # We must avoid complex work that could involve
                # malloc or free in the child process to avoid
                # potential deadlocks, thus we do all this here.
                # and pass it to fork_exec()
    
                if env is not None:
                    env_list = []
                    for k, v in env.items():
                        k = os.fsencode(k)
                        if b'=' in k:
                            raise ValueError("illegal environment variable name")
                        env_list.append(k + b'=' + os.fsencode(v))
                else:
                    env_list = None  # Use execv instead of execve.
                executable = os.fsencode(executable)
                if os.path.dirname(executable):
                    executable_list = (executable,)
                else:
                    # This matches the behavior of os._execvpe().
                    executable_list = tuple(
                        os.path.join(os.fsencode(dir), executable)
                        for dir in os.get_exec_path(env))
                fds_to_keep = set(pass_fds)
                fds_to_keep.add(errpipe_write)
                self.pid = _posixsubprocess.fork_exec(
                        args, executable_list,
                        close_fds, tuple(sorted(map(int, fds_to_keep))),
                        cwd, env_list,
                        p2cread, p2cwrite, c2pread, c2pwrite,
                        errread, errwrite,
                        errpipe_read, errpipe_write,
                        restore_signals, start_new_session,
                        gid, gids, uid, umask,
                        preexec_fn)
                self._child_created = True
            finally:
                # be sure the FD is closed no matter what
                os.close(errpipe_write)
    
            self._close_pipe_fds(p2cread, p2cwrite,
                                 c2pread, c2pwrite,
                                 errread, errwrite)
    
            # Wait for exec to fail or succeed; possibly raising an
            # exception (limited in size)
            errpipe_data = bytearray()
            while True:
                part = os.read(errpipe_read, 50000)
                errpipe_data += part
                if not part or len(errpipe_data) > 50000:
                    break
        finally:
            # be sure the FD is closed no matter what
            os.close(errpipe_read)
    
        if errpipe_data:
            try:
                pid, sts = os.waitpid(self.pid, 0)
                if pid == self.pid:
                    self._handle_exitstatus(sts)
                else:
                    self.returncode = sys.maxsize
            except ChildProcessError:
                pass
    
            try:
                exception_name, hex_errno, err_msg = (
                        errpipe_data.split(b':', 2))
                # The encoding here should match the encoding
                # written in by the subprocess implementations
                # like _posixsubprocess
                err_msg = err_msg.decode()
            except ValueError:
                exception_name = b'SubprocessError'
                hex_errno = b'0'
                err_msg = 'Bad exception data from child: {!r}'.format(
                              bytes(errpipe_data))
            child_exception_type = getattr(
                    builtins, exception_name.decode('ascii'),
                    SubprocessError)
            if issubclass(child_exception_type, OSError) and hex_errno:
                errno_num = int(hex_errno, 16)
                child_exec_never_called = (err_msg == "noexec")
                if child_exec_never_called:
                    err_msg = ""
                    # The error must be from chdir(cwd).
                    err_filename = cwd
                else:
                    err_filename = orig_executable
                if errno_num != 0:
                    err_msg = os.strerror(errno_num)
>               raise child_exception_type(errno_num, err_msg, err_filename)
E               FileNotFoundError: [Errno 2] No such file or directory: 'python'

../../../../.local/share/uv/python/cpython-3.10.19-linux-x86_64-gnu/lib/python3.10/subprocess.py:1863: FileNotFoundError
_ ERROR at setup of test_pending_formatter_keeps_navigation_and_current_selection_usable[chromium] _

request = <SubRequest 'server' for <Function test_same_wrapper_native_corpus[chromium-root]>>
site_dir = PosixPath('/home/egallego/lean/verso-slides/.worktrees/vir-prettym-main435-integration/.qualification-main435-20261009/SITE')

    @pytest.fixture(scope="session")
    def server(request, site_dir):
        """Start a local HTTP server for the built site, or use an existing one."""
        external_url = request.config.getoption("--server-url")
    
        if external_url:
            yield external_url
            return
    
        port = request.config.getoption("--port")
    
        if port is None:
            port = find_free_port()
        else:
            port = int(port)
    
>       proc = subprocess.Popen(
            ["python", "-m", "http.server", str(port), "--bind", "127.0.0.1"],
            cwd=site_dir,
            stdout=subprocess.DEVNULL,
            stderr=subprocess.DEVNULL
        )

browser-tests/conftest.py:177: 
_ _ _ _ _ _ _ _ _ _ _ _ _ _ _ _ _ _ _ _ _ _ _ _ _ _ _ _ _ _ _ _ _ _ _ _ _ _ _ _ 
../../../../.local/share/uv/python/cpython-3.10.19-linux-x86_64-gnu/lib/python3.10/subprocess.py:971: in __init__
    self._execute_child(args, executable, preexec_fn, close_fds,
_ _ _ _ _ _ _ _ _ _ _ _ _ _ _ _ _ _ _ _ _ _ _ _ _ _ _ _ _ _ _ _ _ _ _ _ _ _ _ _ 

self = <Popen: returncode: 255 args: ['python', '-m', 'http.server', '41777', '--bi...>
args = ['python', '-m', 'http.server', '41777', '--bind', '127.0.0.1']
executable = b'python', preexec_fn = None, close_fds = True, pass_fds = ()
cwd = PosixPath('/home/egallego/lean/verso-slides/.worktrees/vir-prettym-main435-integration/.qualification-main435-20261009/SITE')
env = None, startupinfo = None, creationflags = 0, shell = False, p2cread = -1
p2cwrite = -1, c2pread = -1, c2pwrite = 12, errread = -1, errwrite = 12
restore_signals = True, gid = None, gids = None, uid = None, umask = -1
start_new_session = False

    def _execute_child(self, args, executable, preexec_fn, close_fds,
                       pass_fds, cwd, env,
                       startupinfo, creationflags, shell,
                       p2cread, p2cwrite,
                       c2pread, c2pwrite,
                       errread, errwrite,
                       restore_signals,
                       gid, gids, uid, umask,
                       start_new_session):
        """Execute program (POSIX version)"""
    
        if isinstance(args, (str, bytes)):
            args = [args]
        elif isinstance(args, os.PathLike):
            if shell:
                raise TypeError('path-like args is not allowed when '
                                'shell is true')
            args = [args]
        else:
            args = list(args)
    
        if shell:
            # On Android the default shell is at '/system/bin/sh'.
            unix_shell = ('/system/bin/sh' if
                      hasattr(sys, 'getandroidapilevel') else '/bin/sh')
            args = [unix_shell, "-c"] + args
            if executable:
                args[0] = executable
    
        if executable is None:
            executable = args[0]
    
        sys.audit("subprocess.Popen", executable, args, cwd, env)
    
        if (_USE_POSIX_SPAWN
                and os.path.dirname(executable)
                and preexec_fn is None
                and not close_fds
                and not pass_fds
                and cwd is None
                and (p2cread == -1 or p2cread > 2)
                and (c2pwrite == -1 or c2pwrite > 2)
                and (errwrite == -1 or errwrite > 2)
                and not start_new_session
                and gid is None
                and gids is None
                and uid is None
                and umask < 0):
            self._posix_spawn(args, executable, env, restore_signals,
                              p2cread, p2cwrite,
                              c2pread, c2pwrite,
                              errread, errwrite)
            return
    
        orig_executable = executable
    
        # For transferring possible exec failure from child to parent.
        # Data format: "exception name:hex errno:description"
        # Pickle is not used; it is complex and involves memory allocation.
        errpipe_read, errpipe_write = os.pipe()
        # errpipe_write must not be in the standard io 0, 1, or 2 fd range.
        low_fds_to_close = []
        while errpipe_write < 3:
            low_fds_to_close.append(errpipe_write)
            errpipe_write = os.dup(errpipe_write)
        for low_fd in low_fds_to_close:
            os.close(low_fd)
        try:
            try:
                # We must avoid complex work that could involve
                # malloc or free in the child process to avoid
                # potential deadlocks, thus we do all this here.
                # and pass it to fork_exec()
    
                if env is not None:
                    env_list = []
                    for k, v in env.items():
                        k = os.fsencode(k)
                        if b'=' in k:
                            raise ValueError("illegal environment variable name")
                        env_list.append(k + b'=' + os.fsencode(v))
                else:
                    env_list = None  # Use execv instead of execve.
                executable = os.fsencode(executable)
                if os.path.dirname(executable):
                    executable_list = (executable,)
                else:
                    # This matches the behavior of os._execvpe().
                    executable_list = tuple(
                        os.path.join(os.fsencode(dir), executable)
                        for dir in os.get_exec_path(env))
                fds_to_keep = set(pass_fds)
                fds_to_keep.add(errpipe_write)
                self.pid = _posixsubprocess.fork_exec(
                        args, executable_list,
                        close_fds, tuple(sorted(map(int, fds_to_keep))),
                        cwd, env_list,
                        p2cread, p2cwrite, c2pread, c2pwrite,
                        errread, errwrite,
                        errpipe_read, errpipe_write,
                        restore_signals, start_new_session,
                        gid, gids, uid, umask,
                        preexec_fn)
                self._child_created = True
            finally:
                # be sure the FD is closed no matter what
                os.close(errpipe_write)
    
            self._close_pipe_fds(p2cread, p2cwrite,
                                 c2pread, c2pwrite,
                                 errread, errwrite)
    
            # Wait for exec to fail or succeed; possibly raising an
            # exception (limited in size)
            errpipe_data = bytearray()
            while True:
                part = os.read(errpipe_read, 50000)
                errpipe_data += part
                if not part or len(errpipe_data) > 50000:
                    break
        finally:
            # be sure the FD is closed no matter what
            os.close(errpipe_read)
    
        if errpipe_data:
            try:
                pid, sts = os.waitpid(self.pid, 0)
                if pid == self.pid:
                    self._handle_exitstatus(sts)
                else:
                    self.returncode = sys.maxsize
            except ChildProcessError:
                pass
    
            try:
                exception_name, hex_errno, err_msg = (
                        errpipe_data.split(b':', 2))
                # The encoding here should match the encoding
                # written in by the subprocess implementations
                # like _posixsubprocess
                err_msg = err_msg.decode()
            except ValueError:
                exception_name = b'SubprocessError'
                hex_errno = b'0'
                err_msg = 'Bad exception data from child: {!r}'.format(
                              bytes(errpipe_data))
            child_exception_type = getattr(
                    builtins, exception_name.decode('ascii'),
                    SubprocessError)
            if issubclass(child_exception_type, OSError) and hex_errno:
                errno_num = int(hex_errno, 16)
                child_exec_never_called = (err_msg == "noexec")
                if child_exec_never_called:
                    err_msg = ""
                    # The error must be from chdir(cwd).
                    err_filename = cwd
                else:
                    err_filename = orig_executable
                if errno_num != 0:
                    err_msg = os.strerror(errno_num)
>               raise child_exception_type(errno_num, err_msg, err_filename)
E               FileNotFoundError: [Errno 2] No such file or directory: 'python'

../../../../.local/share/uv/python/cpython-3.10.19-linux-x86_64-gnu/lib/python3.10/subprocess.py:1863: FileNotFoundError
_ ERROR at setup of test_initialization_failure_reports_without_replacing_the_formatter[chromium] _

request = <SubRequest 'server' for <Function test_same_wrapper_native_corpus[chromium-root]>>
site_dir = PosixPath('/home/egallego/lean/verso-slides/.worktrees/vir-prettym-main435-integration/.qualification-main435-20261009/SITE')

    @pytest.fixture(scope="session")
    def server(request, site_dir):
        """Start a local HTTP server for the built site, or use an existing one."""
        external_url = request.config.getoption("--server-url")
    
        if external_url:
            yield external_url
            return
    
        port = request.config.getoption("--port")
    
        if port is None:
            port = find_free_port()
        else:
            port = int(port)
    
>       proc = subprocess.Popen(
            ["python", "-m", "http.server", str(port), "--bind", "127.0.0.1"],
            cwd=site_dir,
            stdout=subprocess.DEVNULL,
            stderr=subprocess.DEVNULL
        )

browser-tests/conftest.py:177: 
_ _ _ _ _ _ _ _ _ _ _ _ _ _ _ _ _ _ _ _ _ _ _ _ _ _ _ _ _ _ _ _ _ _ _ _ _ _ _ _ 
../../../../.local/share/uv/python/cpython-3.10.19-linux-x86_64-gnu/lib/python3.10/subprocess.py:971: in __init__
    self._execute_child(args, executable, preexec_fn, close_fds,
_ _ _ _ _ _ _ _ _ _ _ _ _ _ _ _ _ _ _ _ _ _ _ _ _ _ _ _ _ _ _ _ _ _ _ _ _ _ _ _ 

self = <Popen: returncode: 255 args: ['python', '-m', 'http.server', '41777', '--bi...>
args = ['python', '-m', 'http.server', '41777', '--bind', '127.0.0.1']
executable = b'python', preexec_fn = None, close_fds = True, pass_fds = ()
cwd = PosixPath('/home/egallego/lean/verso-slides/.worktrees/vir-prettym-main435-integration/.qualification-main435-20261009/SITE')
env = None, startupinfo = None, creationflags = 0, shell = False, p2cread = -1
p2cwrite = -1, c2pread = -1, c2pwrite = 12, errread = -1, errwrite = 12
restore_signals = True, gid = None, gids = None, uid = None, umask = -1
start_new_session = False

    def _execute_child(self, args, executable, preexec_fn, close_fds,
                       pass_fds, cwd, env,
                       startupinfo, creationflags, shell,
                       p2cread, p2cwrite,
                       c2pread, c2pwrite,
                       errread, errwrite,
                       restore_signals,
                       gid, gids, uid, umask,
                       start_new_session):
        """Execute program (POSIX version)"""
    
        if isinstance(args, (str, bytes)):
            args = [args]
        elif isinstance(args, os.PathLike):
            if shell:
                raise TypeError('path-like args is not allowed when '
                                'shell is true')
            args = [args]
        else:
            args = list(args)
    
        if shell:
            # On Android the default shell is at '/system/bin/sh'.
            unix_shell = ('/system/bin/sh' if
                      hasattr(sys, 'getandroidapilevel') else '/bin/sh')
            args = [unix_shell, "-c"] + args
            if executable:
                args[0] = executable
    
        if executable is None:
            executable = args[0]
    
        sys.audit("subprocess.Popen", executable, args, cwd, env)
    
        if (_USE_POSIX_SPAWN
                and os.path.dirname(executable)
                and preexec_fn is None
                and not close_fds
                and not pass_fds
                and cwd is None
                and (p2cread == -1 or p2cread > 2)
                and (c2pwrite == -1 or c2pwrite > 2)
                and (errwrite == -1 or errwrite > 2)
                and not start_new_session
                and gid is None
                and gids is None
                and uid is None
                and umask < 0):
            self._posix_spawn(args, executable, env, restore_signals,
                              p2cread, p2cwrite,
                              c2pread, c2pwrite,
                              errread, errwrite)
            return
    
        orig_executable = executable
    
        # For transferring possible exec failure from child to parent.
        # Data format: "exception name:hex errno:description"
        # Pickle is not used; it is complex and involves memory allocation.
        errpipe_read, errpipe_write = os.pipe()
        # errpipe_write must not be in the standard io 0, 1, or 2 fd range.
        low_fds_to_close = []
        while errpipe_write < 3:
            low_fds_to_close.append(errpipe_write)
            errpipe_write = os.dup(errpipe_write)
        for low_fd in low_fds_to_close:
            os.close(low_fd)
        try:
            try:
                # We must avoid complex work that could involve
                # malloc or free in the child process to avoid
                # potential deadlocks, thus we do all this here.
                # and pass it to fork_exec()
    
                if env is not None:
                    env_list = []
                    for k, v in env.items():
                        k = os.fsencode(k)
                        if b'=' in k:
                            raise ValueError("illegal environment variable name")
                        env_list.append(k + b'=' + os.fsencode(v))
                else:
                    env_list = None  # Use execv instead of execve.
                executable = os.fsencode(executable)
                if os.path.dirname(executable):
                    executable_list = (executable,)
                else:
                    # This matches the behavior of os._execvpe().
                    executable_list = tuple(
                        os.path.join(os.fsencode(dir), executable)
                        for dir in os.get_exec_path(env))
                fds_to_keep = set(pass_fds)
                fds_to_keep.add(errpipe_write)
                self.pid = _posixsubprocess.fork_exec(
                        args, executable_list,
                        close_fds, tuple(sorted(map(int, fds_to_keep))),
                        cwd, env_list,
                        p2cread, p2cwrite, c2pread, c2pwrite,
                        errread, errwrite,
                        errpipe_read, errpipe_write,
                        restore_signals, start_new_session,
                        gid, gids, uid, umask,
                        preexec_fn)
                self._child_created = True
            finally:
                # be sure the FD is closed no matter what
                os.close(errpipe_write)
    
            self._close_pipe_fds(p2cread, p2cwrite,
                                 c2pread, c2pwrite,
                                 errread, errwrite)
    
            # Wait for exec to fail or succeed; possibly raising an
            # exception (limited in size)
            errpipe_data = bytearray()
            while True:
                part = os.read(errpipe_read, 50000)
                errpipe_data += part
                if not part or len(errpipe_data) > 50000:
                    break
        finally:
            # be sure the FD is closed no matter what
            os.close(errpipe_read)
    
        if errpipe_data:
            try:
                pid, sts = os.waitpid(self.pid, 0)
                if pid == self.pid:
                    self._handle_exitstatus(sts)
                else:
                    self.returncode = sys.maxsize
            except ChildProcessError:
                pass
    
            try:
                exception_name, hex_errno, err_msg = (
                        errpipe_data.split(b':', 2))
                # The encoding here should match the encoding
                # written in by the subprocess implementations
                # like _posixsubprocess
                err_msg = err_msg.decode()
            except ValueError:
                exception_name = b'SubprocessError'
                hex_errno = b'0'
                err_msg = 'Bad exception data from child: {!r}'.format(
                              bytes(errpipe_data))
            child_exception_type = getattr(
                    builtins, exception_name.decode('ascii'),
                    SubprocessError)
            if issubclass(child_exception_type, OSError) and hex_errno:
                errno_num = int(hex_errno, 16)
                child_exec_never_called = (err_msg == "noexec")
                if child_exec_never_called:
                    err_msg = ""
                    # The error must be from chdir(cwd).
                    err_filename = cwd
                else:
                    err_filename = orig_executable
                if errno_num != 0:
                    err_msg = os.strerror(errno_num)
>               raise child_exception_type(errno_num, err_msg, err_filename)
E               FileNotFoundError: [Errno 2] No such file or directory: 'python'

../../../../.local/share/uv/python/cpython-3.10.19-linux-x86_64-gnu/lib/python3.10/subprocess.py:1863: FileNotFoundError
_ ERROR at setup of TestLightboxReadiness.test_pending_signature_formats_on_readiness[chromium] _

request = <SubRequest 'server' for <Function test_same_wrapper_native_corpus[chromium-root]>>
site_dir = PosixPath('/home/egallego/lean/verso-slides/.worktrees/vir-prettym-main435-integration/.qualification-main435-20261009/SITE')

    @pytest.fixture(scope="session")
    def server(request, site_dir):
        """Start a local HTTP server for the built site, or use an existing one."""
        external_url = request.config.getoption("--server-url")
    
        if external_url:
            yield external_url
            return
    
        port = request.config.getoption("--port")
    
        if port is None:
            port = find_free_port()
        else:
            port = int(port)
    
>       proc = subprocess.Popen(
            ["python", "-m", "http.server", str(port), "--bind", "127.0.0.1"],
            cwd=site_dir,
            stdout=subprocess.DEVNULL,
            stderr=subprocess.DEVNULL
        )

browser-tests/conftest.py:177: 
_ _ _ _ _ _ _ _ _ _ _ _ _ _ _ _ _ _ _ _ _ _ _ _ _ _ _ _ _ _ _ _ _ _ _ _ _ _ _ _ 
../../../../.local/share/uv/python/cpython-3.10.19-linux-x86_64-gnu/lib/python3.10/subprocess.py:971: in __init__
    self._execute_child(args, executable, preexec_fn, close_fds,
_ _ _ _ _ _ _ _ _ _ _ _ _ _ _ _ _ _ _ _ _ _ _ _ _ _ _ _ _ _ _ _ _ _ _ _ _ _ _ _ 

self = <Popen: returncode: 255 args: ['python', '-m', 'http.server', '41777', '--bi...>
args = ['python', '-m', 'http.server', '41777', '--bind', '127.0.0.1']
executable = b'python', preexec_fn = None, close_fds = True, pass_fds = ()
cwd = PosixPath('/home/egallego/lean/verso-slides/.worktrees/vir-prettym-main435-integration/.qualification-main435-20261009/SITE')
env = None, startupinfo = None, creationflags = 0, shell = False, p2cread = -1
p2cwrite = -1, c2pread = -1, c2pwrite = 12, errread = -1, errwrite = 12
restore_signals = True, gid = None, gids = None, uid = None, umask = -1
start_new_session = False

    def _execute_child(self, args, executable, preexec_fn, close_fds,
                       pass_fds, cwd, env,
                       startupinfo, creationflags, shell,
                       p2cread, p2cwrite,
                       c2pread, c2pwrite,
                       errread, errwrite,
                       restore_signals,
                       gid, gids, uid, umask,
                       start_new_session):
        """Execute program (POSIX version)"""
    
        if isinstance(args, (str, bytes)):
            args = [args]
        elif isinstance(args, os.PathLike):
            if shell:
                raise TypeError('path-like args is not allowed when '
                                'shell is true')
            args = [args]
        else:
            args = list(args)
    
        if shell:
            # On Android the default shell is at '/system/bin/sh'.
            unix_shell = ('/system/bin/sh' if
                      hasattr(sys, 'getandroidapilevel') else '/bin/sh')
            args = [unix_shell, "-c"] + args
            if executable:
                args[0] = executable
    
        if executable is None:
            executable = args[0]
    
        sys.audit("subprocess.Popen", executable, args, cwd, env)
    
        if (_USE_POSIX_SPAWN
                and os.path.dirname(executable)
                and preexec_fn is None
                and not close_fds
                and not pass_fds
                and cwd is None
                and (p2cread == -1 or p2cread > 2)
                and (c2pwrite == -1 or c2pwrite > 2)
                and (errwrite == -1 or errwrite > 2)
                and not start_new_session
                and gid is None
                and gids is None
                and uid is None
                and umask < 0):
            self._posix_spawn(args, executable, env, restore_signals,
                              p2cread, p2cwrite,
                              c2pread, c2pwrite,
                              errread, errwrite)
            return
    
        orig_executable = executable
    
        # For transferring possible exec failure from child to parent.
        # Data format: "exception name:hex errno:description"
        # Pickle is not used; it is complex and involves memory allocation.
        errpipe_read, errpipe_write = os.pipe()
        # errpipe_write must not be in the standard io 0, 1, or 2 fd range.
        low_fds_to_close = []
        while errpipe_write < 3:
            low_fds_to_close.append(errpipe_write)
            errpipe_write = os.dup(errpipe_write)
        for low_fd in low_fds_to_close:
            os.close(low_fd)
        try:
            try:
                # We must avoid complex work that could involve
                # malloc or free in the child process to avoid
                # potential deadlocks, thus we do all this here.
                # and pass it to fork_exec()
    
                if env is not None:
                    env_list = []
                    for k, v in env.items():
                        k = os.fsencode(k)
                        if b'=' in k:
                            raise ValueError("illegal environment variable name")
                        env_list.append(k + b'=' + os.fsencode(v))
                else:
                    env_list = None  # Use execv instead of execve.
                executable = os.fsencode(executable)
                if os.path.dirname(executable):
                    executable_list = (executable,)
                else:
                    # This matches the behavior of os._execvpe().
                    executable_list = tuple(
                        os.path.join(os.fsencode(dir), executable)
                        for dir in os.get_exec_path(env))
                fds_to_keep = set(pass_fds)
                fds_to_keep.add(errpipe_write)
                self.pid = _posixsubprocess.fork_exec(
                        args, executable_list,
                        close_fds, tuple(sorted(map(int, fds_to_keep))),
                        cwd, env_list,
                        p2cread, p2cwrite, c2pread, c2pwrite,
                        errread, errwrite,
                        errpipe_read, errpipe_write,
                        restore_signals, start_new_session,
                        gid, gids, uid, umask,
                        preexec_fn)
                self._child_created = True
            finally:
                # be sure the FD is closed no matter what
                os.close(errpipe_write)
    
            self._close_pipe_fds(p2cread, p2cwrite,
                                 c2pread, c2pwrite,
                                 errread, errwrite)
    
            # Wait for exec to fail or succeed; possibly raising an
            # exception (limited in size)
            errpipe_data = bytearray()
            while True:
                part = os.read(errpipe_read, 50000)
                errpipe_data += part
                if not part or len(errpipe_data) > 50000:
                    break
        finally:
            # be sure the FD is closed no matter what
            os.close(errpipe_read)
    
        if errpipe_data:
            try:
                pid, sts = os.waitpid(self.pid, 0)
                if pid == self.pid:
                    self._handle_exitstatus(sts)
                else:
                    self.returncode = sys.maxsize
            except ChildProcessError:
                pass
    
            try:
                exception_name, hex_errno, err_msg = (
                        errpipe_data.split(b':', 2))
                # The encoding here should match the encoding
                # written in by the subprocess implementations
                # like _posixsubprocess
                err_msg = err_msg.decode()
            except ValueError:
                exception_name = b'SubprocessError'
                hex_errno = b'0'
                err_msg = 'Bad exception data from child: {!r}'.format(
                              bytes(errpipe_data))
            child_exception_type = getattr(
                    builtins, exception_name.decode('ascii'),
                    SubprocessError)
            if issubclass(child_exception_type, OSError) and hex_errno:
                errno_num = int(hex_errno, 16)
                child_exec_never_called = (err_msg == "noexec")
                if child_exec_never_called:
                    err_msg = ""
                    # The error must be from chdir(cwd).
                    err_filename = cwd
                else:
                    err_filename = orig_executable
                if errno_num != 0:
                    err_msg = os.strerror(errno_num)
>               raise child_exception_type(errno_num, err_msg, err_filename)
E               FileNotFoundError: [Errno 2] No such file or directory: 'python'

../../../../.local/share/uv/python/cpython-3.10.19-linux-x86_64-gnu/lib/python3.10/subprocess.py:1863: FileNotFoundError
_______ ERROR at setup of test_same_wrapper_native_corpus[firefox-root] ________

request = <SubRequest 'server' for <Function test_same_wrapper_native_corpus[chromium-root]>>
site_dir = PosixPath('/home/egallego/lean/verso-slides/.worktrees/vir-prettym-main435-integration/.qualification-main435-20261009/SITE')

    @pytest.fixture(scope="session")
    def server(request, site_dir):
        """Start a local HTTP server for the built site, or use an existing one."""
        external_url = request.config.getoption("--server-url")
    
        if external_url:
            yield external_url
            return
    
        port = request.config.getoption("--port")
    
        if port is None:
            port = find_free_port()
        else:
            port = int(port)
    
>       proc = subprocess.Popen(
            ["python", "-m", "http.server", str(port), "--bind", "127.0.0.1"],
            cwd=site_dir,
            stdout=subprocess.DEVNULL,
            stderr=subprocess.DEVNULL
        )

browser-tests/conftest.py:177: 
_ _ _ _ _ _ _ _ _ _ _ _ _ _ _ _ _ _ _ _ _ _ _ _ _ _ _ _ _ _ _ _ _ _ _ _ _ _ _ _ 
../../../../.local/share/uv/python/cpython-3.10.19-linux-x86_64-gnu/lib/python3.10/subprocess.py:971: in __init__
    self._execute_child(args, executable, preexec_fn, close_fds,
_ _ _ _ _ _ _ _ _ _ _ _ _ _ _ _ _ _ _ _ _ _ _ _ _ _ _ _ _ _ _ _ _ _ _ _ _ _ _ _ 

self = <Popen: returncode: 255 args: ['python', '-m', 'http.server', '41777', '--bi...>
args = ['python', '-m', 'http.server', '41777', '--bind', '127.0.0.1']
executable = b'python', preexec_fn = None, close_fds = True, pass_fds = ()
cwd = PosixPath('/home/egallego/lean/verso-slides/.worktrees/vir-prettym-main435-integration/.qualification-main435-20261009/SITE')
env = None, startupinfo = None, creationflags = 0, shell = False, p2cread = -1
p2cwrite = -1, c2pread = -1, c2pwrite = 12, errread = -1, errwrite = 12
restore_signals = True, gid = None, gids = None, uid = None, umask = -1
start_new_session = False

    def _execute_child(self, args, executable, preexec_fn, close_fds,
                       pass_fds, cwd, env,
                       startupinfo, creationflags, shell,
                       p2cread, p2cwrite,
                       c2pread, c2pwrite,
                       errread, errwrite,
                       restore_signals,
                       gid, gids, uid, umask,
                       start_new_session):
        """Execute program (POSIX version)"""
    
        if isinstance(args, (str, bytes)):
            args = [args]
        elif isinstance(args, os.PathLike):
            if shell:
                raise TypeError('path-like args is not allowed when '
                                'shell is true')
            args = [args]
        else:
            args = list(args)
    
        if shell:
            # On Android the default shell is at '/system/bin/sh'.
            unix_shell = ('/system/bin/sh' if
                      hasattr(sys, 'getandroidapilevel') else '/bin/sh')
            args = [unix_shell, "-c"] + args
            if executable:
                args[0] = executable
    
        if executable is None:
            executable = args[0]
    
        sys.audit("subprocess.Popen", executable, args, cwd, env)
    
        if (_USE_POSIX_SPAWN
                and os.path.dirname(executable)
                and preexec_fn is None
                and not close_fds
                and not pass_fds
                and cwd is None
                and (p2cread == -1 or p2cread > 2)
                and (c2pwrite == -1 or c2pwrite > 2)
                and (errwrite == -1 or errwrite > 2)
                and not start_new_session
                and gid is None
                and gids is None
                and uid is None
                and umask < 0):
            self._posix_spawn(args, executable, env, restore_signals,
                              p2cread, p2cwrite,
                              c2pread, c2pwrite,
                              errread, errwrite)
            return
    
        orig_executable = executable
    
        # For transferring possible exec failure from child to parent.
        # Data format: "exception name:hex errno:description"
        # Pickle is not used; it is complex and involves memory allocation.
        errpipe_read, errpipe_write = os.pipe()
        # errpipe_write must not be in the standard io 0, 1, or 2 fd range.
        low_fds_to_close = []
        while errpipe_write < 3:
            low_fds_to_close.append(errpipe_write)
            errpipe_write = os.dup(errpipe_write)
        for low_fd in low_fds_to_close:
            os.close(low_fd)
        try:
            try:
                # We must avoid complex work that could involve
                # malloc or free in the child process to avoid
                # potential deadlocks, thus we do all this here.
                # and pass it to fork_exec()
    
                if env is not None:
                    env_list = []
                    for k, v in env.items():
                        k = os.fsencode(k)
                        if b'=' in k:
                            raise ValueError("illegal environment variable name")
                        env_list.append(k + b'=' + os.fsencode(v))
                else:
                    env_list = None  # Use execv instead of execve.
                executable = os.fsencode(executable)
                if os.path.dirname(executable):
                    executable_list = (executable,)
                else:
                    # This matches the behavior of os._execvpe().
                    executable_list = tuple(
                        os.path.join(os.fsencode(dir), executable)
                        for dir in os.get_exec_path(env))
                fds_to_keep = set(pass_fds)
                fds_to_keep.add(errpipe_write)
                self.pid = _posixsubprocess.fork_exec(
                        args, executable_list,
                        close_fds, tuple(sorted(map(int, fds_to_keep))),
                        cwd, env_list,
                        p2cread, p2cwrite, c2pread, c2pwrite,
                        errread, errwrite,
                        errpipe_read, errpipe_write,
                        restore_signals, start_new_session,
                        gid, gids, uid, umask,
                        preexec_fn)
                self._child_created = True
            finally:
                # be sure the FD is closed no matter what
                os.close(errpipe_write)
    
            self._close_pipe_fds(p2cread, p2cwrite,
                                 c2pread, c2pwrite,
                                 errread, errwrite)
    
            # Wait for exec to fail or succeed; possibly raising an
            # exception (limited in size)
            errpipe_data = bytearray()
            while True:
                part = os.read(errpipe_read, 50000)
                errpipe_data += part
                if not part or len(errpipe_data) > 50000:
                    break
        finally:
            # be sure the FD is closed no matter what
            os.close(errpipe_read)
    
        if errpipe_data:
            try:
                pid, sts = os.waitpid(self.pid, 0)
                if pid == self.pid:
                    self._handle_exitstatus(sts)
                else:
                    self.returncode = sys.maxsize
            except ChildProcessError:
                pass
    
            try:
                exception_name, hex_errno, err_msg = (
                        errpipe_data.split(b':', 2))
                # The encoding here should match the encoding
                # written in by the subprocess implementations
                # like _posixsubprocess
                err_msg = err_msg.decode()
            except ValueError:
                exception_name = b'SubprocessError'
                hex_errno = b'0'
                err_msg = 'Bad exception data from child: {!r}'.format(
                              bytes(errpipe_data))
            child_exception_type = getattr(
                    builtins, exception_name.decode('ascii'),
                    SubprocessError)
            if issubclass(child_exception_type, OSError) and hex_errno:
                errno_num = int(hex_errno, 16)
                child_exec_never_called = (err_msg == "noexec")
                if child_exec_never_called:
                    err_msg = ""
                    # The error must be from chdir(cwd).
                    err_filename = cwd
                else:
                    err_filename = orig_executable
                if errno_num != 0:
                    err_msg = os.strerror(errno_num)
>               raise child_exception_type(errno_num, err_msg, err_filename)
E               FileNotFoundError: [Errno 2] No such file or directory: 'python'

../../../../.local/share/uv/python/cpython-3.10.19-linux-x86_64-gnu/lib/python3.10/subprocess.py:1863: FileNotFoundError
______ ERROR at setup of test_same_wrapper_native_corpus[firefox-nested] _______

request = <SubRequest 'server' for <Function test_same_wrapper_native_corpus[chromium-root]>>
site_dir = PosixPath('/home/egallego/lean/verso-slides/.worktrees/vir-prettym-main435-integration/.qualification-main435-20261009/SITE')

    @pytest.fixture(scope="session")
    def server(request, site_dir):
        """Start a local HTTP server for the built site, or use an existing one."""
        external_url = request.config.getoption("--server-url")
    
        if external_url:
            yield external_url
            return
    
        port = request.config.getoption("--port")
    
        if port is None:
            port = find_free_port()
        else:
            port = int(port)
    
>       proc = subprocess.Popen(
            ["python", "-m", "http.server", str(port), "--bind", "127.0.0.1"],
            cwd=site_dir,
            stdout=subprocess.DEVNULL,
            stderr=subprocess.DEVNULL
        )

browser-tests/conftest.py:177: 
_ _ _ _ _ _ _ _ _ _ _ _ _ _ _ _ _ _ _ _ _ _ _ _ _ _ _ _ _ _ _ _ _ _ _ _ _ _ _ _ 
../../../../.local/share/uv/python/cpython-3.10.19-linux-x86_64-gnu/lib/python3.10/subprocess.py:971: in __init__
    self._execute_child(args, executable, preexec_fn, close_fds,
_ _ _ _ _ _ _ _ _ _ _ _ _ _ _ _ _ _ _ _ _ _ _ _ _ _ _ _ _ _ _ _ _ _ _ _ _ _ _ _ 

self = <Popen: returncode: 255 args: ['python', '-m', 'http.server', '41777', '--bi...>
args = ['python', '-m', 'http.server', '41777', '--bind', '127.0.0.1']
executable = b'python', preexec_fn = None, close_fds = True, pass_fds = ()
cwd = PosixPath('/home/egallego/lean/verso-slides/.worktrees/vir-prettym-main435-integration/.qualification-main435-20261009/SITE')
env = None, startupinfo = None, creationflags = 0, shell = False, p2cread = -1
p2cwrite = -1, c2pread = -1, c2pwrite = 12, errread = -1, errwrite = 12
restore_signals = True, gid = None, gids = None, uid = None, umask = -1
start_new_session = False

    def _execute_child(self, args, executable, preexec_fn, close_fds,
                       pass_fds, cwd, env,
                       startupinfo, creationflags, shell,
                       p2cread, p2cwrite,
                       c2pread, c2pwrite,
                       errread, errwrite,
                       restore_signals,
                       gid, gids, uid, umask,
                       start_new_session):
        """Execute program (POSIX version)"""
    
        if isinstance(args, (str, bytes)):
            args = [args]
        elif isinstance(args, os.PathLike):
            if shell:
                raise TypeError('path-like args is not allowed when '
                                'shell is true')
            args = [args]
        else:
            args = list(args)
    
        if shell:
            # On Android the default shell is at '/system/bin/sh'.
            unix_shell = ('/system/bin/sh' if
                      hasattr(sys, 'getandroidapilevel') else '/bin/sh')
            args = [unix_shell, "-c"] + args
            if executable:
                args[0] = executable
    
        if executable is None:
            executable = args[0]
    
        sys.audit("subprocess.Popen", executable, args, cwd, env)
    
        if (_USE_POSIX_SPAWN
                and os.path.dirname(executable)
                and preexec_fn is None
                and not close_fds
                and not pass_fds
                and cwd is None
                and (p2cread == -1 or p2cread > 2)
                and (c2pwrite == -1 or c2pwrite > 2)
                and (errwrite == -1 or errwrite > 2)
                and not start_new_session
                and gid is None
                and gids is None
                and uid is None
                and umask < 0):
            self._posix_spawn(args, executable, env, restore_signals,
                              p2cread, p2cwrite,
                              c2pread, c2pwrite,
                              errread, errwrite)
            return
    
        orig_executable = executable
    
        # For transferring possible exec failure from child to parent.
        # Data format: "exception name:hex errno:description"
        # Pickle is not used; it is complex and involves memory allocation.
        errpipe_read, errpipe_write = os.pipe()
        # errpipe_write must not be in the standard io 0, 1, or 2 fd range.
        low_fds_to_close = []
        while errpipe_write < 3:
            low_fds_to_close.append(errpipe_write)
            errpipe_write = os.dup(errpipe_write)
        for low_fd in low_fds_to_close:
            os.close(low_fd)
        try:
            try:
                # We must avoid complex work that could involve
                # malloc or free in the child process to avoid
                # potential deadlocks, thus we do all this here.
                # and pass it to fork_exec()
    
                if env is not None:
                    env_list = []
                    for k, v in env.items():
                        k = os.fsencode(k)
                        if b'=' in k:
                            raise ValueError("illegal environment variable name")
                        env_list.append(k + b'=' + os.fsencode(v))
                else:
                    env_list = None  # Use execv instead of execve.
                executable = os.fsencode(executable)
                if os.path.dirname(executable):
                    executable_list = (executable,)
                else:
                    # This matches the behavior of os._execvpe().
                    executable_list = tuple(
                        os.path.join(os.fsencode(dir), executable)
                        for dir in os.get_exec_path(env))
                fds_to_keep = set(pass_fds)
                fds_to_keep.add(errpipe_write)
                self.pid = _posixsubprocess.fork_exec(
                        args, executable_list,
                        close_fds, tuple(sorted(map(int, fds_to_keep))),
                        cwd, env_list,
                        p2cread, p2cwrite, c2pread, c2pwrite,
                        errread, errwrite,
                        errpipe_read, errpipe_write,
                        restore_signals, start_new_session,
                        gid, gids, uid, umask,
                        preexec_fn)
                self._child_created = True
            finally:
                # be sure the FD is closed no matter what
                os.close(errpipe_write)
    
            self._close_pipe_fds(p2cread, p2cwrite,
                                 c2pread, c2pwrite,
                                 errread, errwrite)
    
            # Wait for exec to fail or succeed; possibly raising an
            # exception (limited in size)
            errpipe_data = bytearray()
            while True:
                part = os.read(errpipe_read, 50000)
                errpipe_data += part
                if not part or len(errpipe_data) > 50000:
                    break
        finally:
            # be sure the FD is closed no matter what
            os.close(errpipe_read)
    
        if errpipe_data:
            try:
                pid, sts = os.waitpid(self.pid, 0)
                if pid == self.pid:
                    self._handle_exitstatus(sts)
                else:
                    self.returncode = sys.maxsize
            except ChildProcessError:
                pass
    
            try:
                exception_name, hex_errno, err_msg = (
                        errpipe_data.split(b':', 2))
                # The encoding here should match the encoding
                # written in by the subprocess implementations
                # like _posixsubprocess
                err_msg = err_msg.decode()
            except ValueError:
                exception_name = b'SubprocessError'
                hex_errno = b'0'
                err_msg = 'Bad exception data from child: {!r}'.format(
                              bytes(errpipe_data))
            child_exception_type = getattr(
                    builtins, exception_name.decode('ascii'),
                    SubprocessError)
            if issubclass(child_exception_type, OSError) and hex_errno:
                errno_num = int(hex_errno, 16)
                child_exec_never_called = (err_msg == "noexec")
                if child_exec_never_called:
                    err_msg = ""
                    # The error must be from chdir(cwd).
                    err_filename = cwd
                else:
                    err_filename = orig_executable
                if errno_num != 0:
                    err_msg = os.strerror(errno_num)
>               raise child_exception_type(errno_num, err_msg, err_filename)
E               FileNotFoundError: [Errno 2] No such file or directory: 'python'

../../../../.local/share/uv/python/cpython-3.10.19-linux-x86_64-gnu/lib/python3.10/subprocess.py:1863: FileNotFoundError
_____________ ERROR at setup of test_published_host_call[firefox] ______________

request = <SubRequest 'server' for <Function test_same_wrapper_native_corpus[chromium-root]>>
site_dir = PosixPath('/home/egallego/lean/verso-slides/.worktrees/vir-prettym-main435-integration/.qualification-main435-20261009/SITE')

    @pytest.fixture(scope="session")
    def server(request, site_dir):
        """Start a local HTTP server for the built site, or use an existing one."""
        external_url = request.config.getoption("--server-url")
    
        if external_url:
            yield external_url
            return
    
        port = request.config.getoption("--port")
    
        if port is None:
            port = find_free_port()
        else:
            port = int(port)
    
>       proc = subprocess.Popen(
            ["python", "-m", "http.server", str(port), "--bind", "127.0.0.1"],
            cwd=site_dir,
            stdout=subprocess.DEVNULL,
            stderr=subprocess.DEVNULL
        )

browser-tests/conftest.py:177: 
_ _ _ _ _ _ _ _ _ _ _ _ _ _ _ _ _ _ _ _ _ _ _ _ _ _ _ _ _ _ _ _ _ _ _ _ _ _ _ _ 
../../../../.local/share/uv/python/cpython-3.10.19-linux-x86_64-gnu/lib/python3.10/subprocess.py:971: in __init__
    self._execute_child(args, executable, preexec_fn, close_fds,
_ _ _ _ _ _ _ _ _ _ _ _ _ _ _ _ _ _ _ _ _ _ _ _ _ _ _ _ _ _ _ _ _ _ _ _ _ _ _ _ 

self = <Popen: returncode: 255 args: ['python', '-m', 'http.server', '41777', '--bi...>
args = ['python', '-m', 'http.server', '41777', '--bind', '127.0.0.1']
executable = b'python', preexec_fn = None, close_fds = True, pass_fds = ()
cwd = PosixPath('/home/egallego/lean/verso-slides/.worktrees/vir-prettym-main435-integration/.qualification-main435-20261009/SITE')
env = None, startupinfo = None, creationflags = 0, shell = False, p2cread = -1
p2cwrite = -1, c2pread = -1, c2pwrite = 12, errread = -1, errwrite = 12
restore_signals = True, gid = None, gids = None, uid = None, umask = -1
start_new_session = False

    def _execute_child(self, args, executable, preexec_fn, close_fds,
                       pass_fds, cwd, env,
                       startupinfo, creationflags, shell,
                       p2cread, p2cwrite,
                       c2pread, c2pwrite,
                       errread, errwrite,
                       restore_signals,
                       gid, gids, uid, umask,
                       start_new_session):
        """Execute program (POSIX version)"""
    
        if isinstance(args, (str, bytes)):
            args = [args]
        elif isinstance(args, os.PathLike):
            if shell:
                raise TypeError('path-like args is not allowed when '
                                'shell is true')
            args = [args]
        else:
            args = list(args)
    
        if shell:
            # On Android the default shell is at '/system/bin/sh'.
            unix_shell = ('/system/bin/sh' if
                      hasattr(sys, 'getandroidapilevel') else '/bin/sh')
            args = [unix_shell, "-c"] + args
            if executable:
                args[0] = executable
    
        if executable is None:
            executable = args[0]
    
        sys.audit("subprocess.Popen", executable, args, cwd, env)
    
        if (_USE_POSIX_SPAWN
                and os.path.dirname(executable)
                and preexec_fn is None
                and not close_fds
                and not pass_fds
                and cwd is None
                and (p2cread == -1 or p2cread > 2)
                and (c2pwrite == -1 or c2pwrite > 2)
                and (errwrite == -1 or errwrite > 2)
                and not start_new_session
                and gid is None
                and gids is None
                and uid is None
                and umask < 0):
            self._posix_spawn(args, executable, env, restore_signals,
                              p2cread, p2cwrite,
                              c2pread, c2pwrite,
                              errread, errwrite)
            return
    
        orig_executable = executable
    
        # For transferring possible exec failure from child to parent.
        # Data format: "exception name:hex errno:description"
        # Pickle is not used; it is complex and involves memory allocation.
        errpipe_read, errpipe_write = os.pipe()
        # errpipe_write must not be in the standard io 0, 1, or 2 fd range.
        low_fds_to_close = []
        while errpipe_write < 3:
            low_fds_to_close.append(errpipe_write)
            errpipe_write = os.dup(errpipe_write)
        for low_fd in low_fds_to_close:
            os.close(low_fd)
        try:
            try:
                # We must avoid complex work that could involve
                # malloc or free in the child process to avoid
                # potential deadlocks, thus we do all this here.
                # and pass it to fork_exec()
    
                if env is not None:
                    env_list = []
                    for k, v in env.items():
                        k = os.fsencode(k)
                        if b'=' in k:
                            raise ValueError("illegal environment variable name")
                        env_list.append(k + b'=' + os.fsencode(v))
                else:
                    env_list = None  # Use execv instead of execve.
                executable = os.fsencode(executable)
                if os.path.dirname(executable):
                    executable_list = (executable,)
                else:
                    # This matches the behavior of os._execvpe().
                    executable_list = tuple(
                        os.path.join(os.fsencode(dir), executable)
                        for dir in os.get_exec_path(env))
                fds_to_keep = set(pass_fds)
                fds_to_keep.add(errpipe_write)
                self.pid = _posixsubprocess.fork_exec(
                        args, executable_list,
                        close_fds, tuple(sorted(map(int, fds_to_keep))),
                        cwd, env_list,
                        p2cread, p2cwrite, c2pread, c2pwrite,
                        errread, errwrite,
                        errpipe_read, errpipe_write,
                        restore_signals, start_new_session,
                        gid, gids, uid, umask,
                        preexec_fn)
                self._child_created = True
            finally:
                # be sure the FD is closed no matter what
                os.close(errpipe_write)
    
            self._close_pipe_fds(p2cread, p2cwrite,
                                 c2pread, c2pwrite,
                                 errread, errwrite)
    
            # Wait for exec to fail or succeed; possibly raising an
            # exception (limited in size)
            errpipe_data = bytearray()
            while True:
                part = os.read(errpipe_read, 50000)
                errpipe_data += part
                if not part or len(errpipe_data) > 50000:
                    break
        finally:
            # be sure the FD is closed no matter what
            os.close(errpipe_read)
    
        if errpipe_data:
            try:
                pid, sts = os.waitpid(self.pid, 0)
                if pid == self.pid:
                    self._handle_exitstatus(sts)
                else:
                    self.returncode = sys.maxsize
            except ChildProcessError:
                pass
    
            try:
                exception_name, hex_errno, err_msg = (
                        errpipe_data.split(b':', 2))
                # The encoding here should match the encoding
                # written in by the subprocess implementations
                # like _posixsubprocess
                err_msg = err_msg.decode()
            except ValueError:
                exception_name = b'SubprocessError'
                hex_errno = b'0'
                err_msg = 'Bad exception data from child: {!r}'.format(
                              bytes(errpipe_data))
            child_exception_type = getattr(
                    builtins, exception_name.decode('ascii'),
                    SubprocessError)
            if issubclass(child_exception_type, OSError) and hex_errno:
                errno_num = int(hex_errno, 16)
                child_exec_never_called = (err_msg == "noexec")
                if child_exec_never_called:
                    err_msg = ""
                    # The error must be from chdir(cwd).
                    err_filename = cwd
                else:
                    err_filename = orig_executable
                if errno_num != 0:
                    err_msg = os.strerror(errno_num)
>               raise child_exception_type(errno_num, err_msg, err_filename)
E               FileNotFoundError: [Errno 2] No such file or directory: 'python'

../../../../.local/share/uv/python/cpython-3.10.19-linux-x86_64-gnu/lib/python3.10/subprocess.py:1863: FileNotFoundError
____ ERROR at setup of test_only_full_root_declaration_is_callable[firefox] ____

request = <SubRequest 'server' for <Function test_same_wrapper_native_corpus[chromium-root]>>
site_dir = PosixPath('/home/egallego/lean/verso-slides/.worktrees/vir-prettym-main435-integration/.qualification-main435-20261009/SITE')

    @pytest.fixture(scope="session")
    def server(request, site_dir):
        """Start a local HTTP server for the built site, or use an existing one."""
        external_url = request.config.getoption("--server-url")
    
        if external_url:
            yield external_url
            return
    
        port = request.config.getoption("--port")
    
        if port is None:
            port = find_free_port()
        else:
            port = int(port)
    
>       proc = subprocess.Popen(
            ["python", "-m", "http.server", str(port), "--bind", "127.0.0.1"],
            cwd=site_dir,
            stdout=subprocess.DEVNULL,
            stderr=subprocess.DEVNULL
        )

browser-tests/conftest.py:177: 
_ _ _ _ _ _ _ _ _ _ _ _ _ _ _ _ _ _ _ _ _ _ _ _ _ _ _ _ _ _ _ _ _ _ _ _ _ _ _ _ 
../../../../.local/share/uv/python/cpython-3.10.19-linux-x86_64-gnu/lib/python3.10/subprocess.py:971: in __init__
    self._execute_child(args, executable, preexec_fn, close_fds,
_ _ _ _ _ _ _ _ _ _ _ _ _ _ _ _ _ _ _ _ _ _ _ _ _ _ _ _ _ _ _ _ _ _ _ _ _ _ _ _ 

self = <Popen: returncode: 255 args: ['python', '-m', 'http.server', '41777', '--bi...>
args = ['python', '-m', 'http.server', '41777', '--bind', '127.0.0.1']
executable = b'python', preexec_fn = None, close_fds = True, pass_fds = ()
cwd = PosixPath('/home/egallego/lean/verso-slides/.worktrees/vir-prettym-main435-integration/.qualification-main435-20261009/SITE')
env = None, startupinfo = None, creationflags = 0, shell = False, p2cread = -1
p2cwrite = -1, c2pread = -1, c2pwrite = 12, errread = -1, errwrite = 12
restore_signals = True, gid = None, gids = None, uid = None, umask = -1
start_new_session = False

    def _execute_child(self, args, executable, preexec_fn, close_fds,
                       pass_fds, cwd, env,
                       startupinfo, creationflags, shell,
                       p2cread, p2cwrite,
                       c2pread, c2pwrite,
                       errread, errwrite,
                       restore_signals,
                       gid, gids, uid, umask,
                       start_new_session):
        """Execute program (POSIX version)"""
    
        if isinstance(args, (str, bytes)):
            args = [args]
        elif isinstance(args, os.PathLike):
            if shell:
                raise TypeError('path-like args is not allowed when '
                                'shell is true')
            args = [args]
        else:
            args = list(args)
    
        if shell:
            # On Android the default shell is at '/system/bin/sh'.
            unix_shell = ('/system/bin/sh' if
                      hasattr(sys, 'getandroidapilevel') else '/bin/sh')
            args = [unix_shell, "-c"] + args
            if executable:
                args[0] = executable
    
        if executable is None:
            executable = args[0]
    
        sys.audit("subprocess.Popen", executable, args, cwd, env)
    
        if (_USE_POSIX_SPAWN
                and os.path.dirname(executable)
                and preexec_fn is None
                and not close_fds
                and not pass_fds
                and cwd is None
                and (p2cread == -1 or p2cread > 2)
                and (c2pwrite == -1 or c2pwrite > 2)
                and (errwrite == -1 or errwrite > 2)
                and not start_new_session
                and gid is None
                and gids is None
                and uid is None
                and umask < 0):
            self._posix_spawn(args, executable, env, restore_signals,
                              p2cread, p2cwrite,
                              c2pread, c2pwrite,
                              errread, errwrite)
            return
    
        orig_executable = executable
    
        # For transferring possible exec failure from child to parent.
        # Data format: "exception name:hex errno:description"
        # Pickle is not used; it is complex and involves memory allocation.
        errpipe_read, errpipe_write = os.pipe()
        # errpipe_write must not be in the standard io 0, 1, or 2 fd range.
        low_fds_to_close = []
        while errpipe_write < 3:
            low_fds_to_close.append(errpipe_write)
            errpipe_write = os.dup(errpipe_write)
        for low_fd in low_fds_to_close:
            os.close(low_fd)
        try:
            try:
                # We must avoid complex work that could involve
                # malloc or free in the child process to avoid
                # potential deadlocks, thus we do all this here.
                # and pass it to fork_exec()
    
                if env is not None:
                    env_list = []
                    for k, v in env.items():
                        k = os.fsencode(k)
                        if b'=' in k:
                            raise ValueError("illegal environment variable name")
                        env_list.append(k + b'=' + os.fsencode(v))
                else:
                    env_list = None  # Use execv instead of execve.
                executable = os.fsencode(executable)
                if os.path.dirname(executable):
                    executable_list = (executable,)
                else:
                    # This matches the behavior of os._execvpe().
                    executable_list = tuple(
                        os.path.join(os.fsencode(dir), executable)
                        for dir in os.get_exec_path(env))
                fds_to_keep = set(pass_fds)
                fds_to_keep.add(errpipe_write)
                self.pid = _posixsubprocess.fork_exec(
                        args, executable_list,
                        close_fds, tuple(sorted(map(int, fds_to_keep))),
                        cwd, env_list,
                        p2cread, p2cwrite, c2pread, c2pwrite,
                        errread, errwrite,
                        errpipe_read, errpipe_write,
                        restore_signals, start_new_session,
                        gid, gids, uid, umask,
                        preexec_fn)
                self._child_created = True
            finally:
                # be sure the FD is closed no matter what
                os.close(errpipe_write)
    
            self._close_pipe_fds(p2cread, p2cwrite,
                                 c2pread, c2pwrite,
                                 errread, errwrite)
    
            # Wait for exec to fail or succeed; possibly raising an
            # exception (limited in size)
            errpipe_data = bytearray()
            while True:
                part = os.read(errpipe_read, 50000)
                errpipe_data += part
                if not part or len(errpipe_data) > 50000:
                    break
        finally:
            # be sure the FD is closed no matter what
            os.close(errpipe_read)
    
        if errpipe_data:
            try:
                pid, sts = os.waitpid(self.pid, 0)
                if pid == self.pid:
                    self._handle_exitstatus(sts)
                else:
                    self.returncode = sys.maxsize
            except ChildProcessError:
                pass
    
            try:
                exception_name, hex_errno, err_msg = (
                        errpipe_data.split(b':', 2))
                # The encoding here should match the encoding
                # written in by the subprocess implementations
                # like _posixsubprocess
                err_msg = err_msg.decode()
            except ValueError:
                exception_name = b'SubprocessError'
                hex_errno = b'0'
                err_msg = 'Bad exception data from child: {!r}'.format(
                              bytes(errpipe_data))
            child_exception_type = getattr(
                    builtins, exception_name.decode('ascii'),
                    SubprocessError)
            if issubclass(child_exception_type, OSError) and hex_errno:
                errno_num = int(hex_errno, 16)
                child_exec_never_called = (err_msg == "noexec")
                if child_exec_never_called:
                    err_msg = ""
                    # The error must be from chdir(cwd).
                    err_filename = cwd
                else:
                    err_filename = orig_executable
                if errno_num != 0:
                    err_msg = os.strerror(errno_num)
>               raise child_exception_type(errno_num, err_msg, err_filename)
E               FileNotFoundError: [Errno 2] No such file or directory: 'python'

../../../../.local/share/uv/python/cpython-3.10.19-linux-x86_64-gnu/lib/python3.10/subprocess.py:1863: FileNotFoundError
_______ ERROR at setup of test_default_panel_reflows_with_wasm[firefox] ________

request = <SubRequest 'server' for <Function test_same_wrapper_native_corpus[chromium-root]>>
site_dir = PosixPath('/home/egallego/lean/verso-slides/.worktrees/vir-prettym-main435-integration/.qualification-main435-20261009/SITE')

    @pytest.fixture(scope="session")
    def server(request, site_dir):
        """Start a local HTTP server for the built site, or use an existing one."""
        external_url = request.config.getoption("--server-url")
    
        if external_url:
            yield external_url
            return
    
        port = request.config.getoption("--port")
    
        if port is None:
            port = find_free_port()
        else:
            port = int(port)
    
>       proc = subprocess.Popen(
            ["python", "-m", "http.server", str(port), "--bind", "127.0.0.1"],
            cwd=site_dir,
            stdout=subprocess.DEVNULL,
            stderr=subprocess.DEVNULL
        )

browser-tests/conftest.py:177: 
_ _ _ _ _ _ _ _ _ _ _ _ _ _ _ _ _ _ _ _ _ _ _ _ _ _ _ _ _ _ _ _ _ _ _ _ _ _ _ _ 
../../../../.local/share/uv/python/cpython-3.10.19-linux-x86_64-gnu/lib/python3.10/subprocess.py:971: in __init__
    self._execute_child(args, executable, preexec_fn, close_fds,
_ _ _ _ _ _ _ _ _ _ _ _ _ _ _ _ _ _ _ _ _ _ _ _ _ _ _ _ _ _ _ _ _ _ _ _ _ _ _ _ 

self = <Popen: returncode: 255 args: ['python', '-m', 'http.server', '41777', '--bi...>
args = ['python', '-m', 'http.server', '41777', '--bind', '127.0.0.1']
executable = b'python', preexec_fn = None, close_fds = True, pass_fds = ()
cwd = PosixPath('/home/egallego/lean/verso-slides/.worktrees/vir-prettym-main435-integration/.qualification-main435-20261009/SITE')
env = None, startupinfo = None, creationflags = 0, shell = False, p2cread = -1
p2cwrite = -1, c2pread = -1, c2pwrite = 12, errread = -1, errwrite = 12
restore_signals = True, gid = None, gids = None, uid = None, umask = -1
start_new_session = False

    def _execute_child(self, args, executable, preexec_fn, close_fds,
                       pass_fds, cwd, env,
                       startupinfo, creationflags, shell,
                       p2cread, p2cwrite,
                       c2pread, c2pwrite,
                       errread, errwrite,
                       restore_signals,
                       gid, gids, uid, umask,
                       start_new_session):
        """Execute program (POSIX version)"""
    
        if isinstance(args, (str, bytes)):
            args = [args]
        elif isinstance(args, os.PathLike):
            if shell:
                raise TypeError('path-like args is not allowed when '
                                'shell is true')
            args = [args]
        else:
            args = list(args)
    
        if shell:
            # On Android the default shell is at '/system/bin/sh'.
            unix_shell = ('/system/bin/sh' if
                      hasattr(sys, 'getandroidapilevel') else '/bin/sh')
            args = [unix_shell, "-c"] + args
            if executable:
                args[0] = executable
    
        if executable is None:
            executable = args[0]
    
        sys.audit("subprocess.Popen", executable, args, cwd, env)
    
        if (_USE_POSIX_SPAWN
                and os.path.dirname(executable)
                and preexec_fn is None
                and not close_fds
                and not pass_fds
                and cwd is None
                and (p2cread == -1 or p2cread > 2)
                and (c2pwrite == -1 or c2pwrite > 2)
                and (errwrite == -1 or errwrite > 2)
                and not start_new_session
                and gid is None
                and gids is None
                and uid is None
                and umask < 0):
            self._posix_spawn(args, executable, env, restore_signals,
                              p2cread, p2cwrite,
                              c2pread, c2pwrite,
                              errread, errwrite)
            return
    
        orig_executable = executable
    
        # For transferring possible exec failure from child to parent.
        # Data format: "exception name:hex errno:description"
        # Pickle is not used; it is complex and involves memory allocation.
        errpipe_read, errpipe_write = os.pipe()
        # errpipe_write must not be in the standard io 0, 1, or 2 fd range.
        low_fds_to_close = []
        while errpipe_write < 3:
            low_fds_to_close.append(errpipe_write)
            errpipe_write = os.dup(errpipe_write)
        for low_fd in low_fds_to_close:
            os.close(low_fd)
        try:
            try:
                # We must avoid complex work that could involve
                # malloc or free in the child process to avoid
                # potential deadlocks, thus we do all this here.
                # and pass it to fork_exec()
    
                if env is not None:
                    env_list = []
                    for k, v in env.items():
                        k = os.fsencode(k)
                        if b'=' in k:
                            raise ValueError("illegal environment variable name")
                        env_list.append(k + b'=' + os.fsencode(v))
                else:
                    env_list = None  # Use execv instead of execve.
                executable = os.fsencode(executable)
                if os.path.dirname(executable):
                    executable_list = (executable,)
                else:
                    # This matches the behavior of os._execvpe().
                    executable_list = tuple(
                        os.path.join(os.fsencode(dir), executable)
                        for dir in os.get_exec_path(env))
                fds_to_keep = set(pass_fds)
                fds_to_keep.add(errpipe_write)
                self.pid = _posixsubprocess.fork_exec(
                        args, executable_list,
                        close_fds, tuple(sorted(map(int, fds_to_keep))),
                        cwd, env_list,
                        p2cread, p2cwrite, c2pread, c2pwrite,
                        errread, errwrite,
                        errpipe_read, errpipe_write,
                        restore_signals, start_new_session,
                        gid, gids, uid, umask,
                        preexec_fn)
                self._child_created = True
            finally:
                # be sure the FD is closed no matter what
                os.close(errpipe_write)
    
            self._close_pipe_fds(p2cread, p2cwrite,
                                 c2pread, c2pwrite,
                                 errread, errwrite)
    
            # Wait for exec to fail or succeed; possibly raising an
            # exception (limited in size)
            errpipe_data = bytearray()
            while True:
                part = os.read(errpipe_read, 50000)
                errpipe_data += part
                if not part or len(errpipe_data) > 50000:
                    break
        finally:
            # be sure the FD is closed no matter what
            os.close(errpipe_read)
    
        if errpipe_data:
            try:
                pid, sts = os.waitpid(self.pid, 0)
                if pid == self.pid:
                    self._handle_exitstatus(sts)
                else:
                    self.returncode = sys.maxsize
            except ChildProcessError:
                pass
    
            try:
                exception_name, hex_errno, err_msg = (
                        errpipe_data.split(b':', 2))
                # The encoding here should match the encoding
                # written in by the subprocess implementations
                # like _posixsubprocess
                err_msg = err_msg.decode()
            except ValueError:
                exception_name = b'SubprocessError'
                hex_errno = b'0'
                err_msg = 'Bad exception data from child: {!r}'.format(
                              bytes(errpipe_data))
            child_exception_type = getattr(
                    builtins, exception_name.decode('ascii'),
                    SubprocessError)
            if issubclass(child_exception_type, OSError) and hex_errno:
                errno_num = int(hex_errno, 16)
                child_exec_never_called = (err_msg == "noexec")
                if child_exec_never_called:
                    err_msg = ""
                    # The error must be from chdir(cwd).
                    err_filename = cwd
                else:
                    err_filename = orig_executable
                if errno_num != 0:
                    err_msg = os.strerror(errno_num)
>               raise child_exception_type(errno_num, err_msg, err_filename)
E               FileNotFoundError: [Errno 2] No such file or directory: 'python'

../../../../.local/share/uv/python/cpython-3.10.19-linux-x86_64-gnu/lib/python3.10/subprocess.py:1863: FileNotFoundError
___ ERROR at setup of test_independent_deck_uses_published_runtime[firefox] ____

request = <SubRequest 'server' for <Function test_same_wrapper_native_corpus[chromium-root]>>
site_dir = PosixPath('/home/egallego/lean/verso-slides/.worktrees/vir-prettym-main435-integration/.qualification-main435-20261009/SITE')

    @pytest.fixture(scope="session")
    def server(request, site_dir):
        """Start a local HTTP server for the built site, or use an existing one."""
        external_url = request.config.getoption("--server-url")
    
        if external_url:
            yield external_url
            return
    
        port = request.config.getoption("--port")
    
        if port is None:
            port = find_free_port()
        else:
            port = int(port)
    
>       proc = subprocess.Popen(
            ["python", "-m", "http.server", str(port), "--bind", "127.0.0.1"],
            cwd=site_dir,
            stdout=subprocess.DEVNULL,
            stderr=subprocess.DEVNULL
        )

browser-tests/conftest.py:177: 
_ _ _ _ _ _ _ _ _ _ _ _ _ _ _ _ _ _ _ _ _ _ _ _ _ _ _ _ _ _ _ _ _ _ _ _ _ _ _ _ 
../../../../.local/share/uv/python/cpython-3.10.19-linux-x86_64-gnu/lib/python3.10/subprocess.py:971: in __init__
    self._execute_child(args, executable, preexec_fn, close_fds,
_ _ _ _ _ _ _ _ _ _ _ _ _ _ _ _ _ _ _ _ _ _ _ _ _ _ _ _ _ _ _ _ _ _ _ _ _ _ _ _ 

self = <Popen: returncode: 255 args: ['python', '-m', 'http.server', '41777', '--bi...>
args = ['python', '-m', 'http.server', '41777', '--bind', '127.0.0.1']
executable = b'python', preexec_fn = None, close_fds = True, pass_fds = ()
cwd = PosixPath('/home/egallego/lean/verso-slides/.worktrees/vir-prettym-main435-integration/.qualification-main435-20261009/SITE')
env = None, startupinfo = None, creationflags = 0, shell = False, p2cread = -1
p2cwrite = -1, c2pread = -1, c2pwrite = 12, errread = -1, errwrite = 12
restore_signals = True, gid = None, gids = None, uid = None, umask = -1
start_new_session = False

    def _execute_child(self, args, executable, preexec_fn, close_fds,
                       pass_fds, cwd, env,
                       startupinfo, creationflags, shell,
                       p2cread, p2cwrite,
                       c2pread, c2pwrite,
                       errread, errwrite,
                       restore_signals,
                       gid, gids, uid, umask,
                       start_new_session):
        """Execute program (POSIX version)"""
    
        if isinstance(args, (str, bytes)):
            args = [args]
        elif isinstance(args, os.PathLike):
            if shell:
                raise TypeError('path-like args is not allowed when '
                                'shell is true')
            args = [args]
        else:
            args = list(args)
    
        if shell:
            # On Android the default shell is at '/system/bin/sh'.
            unix_shell = ('/system/bin/sh' if
                      hasattr(sys, 'getandroidapilevel') else '/bin/sh')
            args = [unix_shell, "-c"] + args
            if executable:
                args[0] = executable
    
        if executable is None:
            executable = args[0]
    
        sys.audit("subprocess.Popen", executable, args, cwd, env)
    
        if (_USE_POSIX_SPAWN
                and os.path.dirname(executable)
                and preexec_fn is None
                and not close_fds
                and not pass_fds
                and cwd is None
                and (p2cread == -1 or p2cread > 2)
                and (c2pwrite == -1 or c2pwrite > 2)
                and (errwrite == -1 or errwrite > 2)
                and not start_new_session
                and gid is None
                and gids is None
                and uid is None
                and umask < 0):
            self._posix_spawn(args, executable, env, restore_signals,
                              p2cread, p2cwrite,
                              c2pread, c2pwrite,
                              errread, errwrite)
            return
    
        orig_executable = executable
    
        # For transferring possible exec failure from child to parent.
        # Data format: "exception name:hex errno:description"
        # Pickle is not used; it is complex and involves memory allocation.
        errpipe_read, errpipe_write = os.pipe()
        # errpipe_write must not be in the standard io 0, 1, or 2 fd range.
        low_fds_to_close = []
        while errpipe_write < 3:
            low_fds_to_close.append(errpipe_write)
            errpipe_write = os.dup(errpipe_write)
        for low_fd in low_fds_to_close:
            os.close(low_fd)
        try:
            try:
                # We must avoid complex work that could involve
                # malloc or free in the child process to avoid
                # potential deadlocks, thus we do all this here.
                # and pass it to fork_exec()
    
                if env is not None:
                    env_list = []
                    for k, v in env.items():
                        k = os.fsencode(k)
                        if b'=' in k:
                            raise ValueError("illegal environment variable name")
                        env_list.append(k + b'=' + os.fsencode(v))
                else:
                    env_list = None  # Use execv instead of execve.
                executable = os.fsencode(executable)
                if os.path.dirname(executable):
                    executable_list = (executable,)
                else:
                    # This matches the behavior of os._execvpe().
                    executable_list = tuple(
                        os.path.join(os.fsencode(dir), executable)
                        for dir in os.get_exec_path(env))
                fds_to_keep = set(pass_fds)
                fds_to_keep.add(errpipe_write)
                self.pid = _posixsubprocess.fork_exec(
                        args, executable_list,
                        close_fds, tuple(sorted(map(int, fds_to_keep))),
                        cwd, env_list,
                        p2cread, p2cwrite, c2pread, c2pwrite,
                        errread, errwrite,
                        errpipe_read, errpipe_write,
                        restore_signals, start_new_session,
                        gid, gids, uid, umask,
                        preexec_fn)
                self._child_created = True
            finally:
                # be sure the FD is closed no matter what
                os.close(errpipe_write)
    
            self._close_pipe_fds(p2cread, p2cwrite,
                                 c2pread, c2pwrite,
                                 errread, errwrite)
    
            # Wait for exec to fail or succeed; possibly raising an
            # exception (limited in size)
            errpipe_data = bytearray()
            while True:
                part = os.read(errpipe_read, 50000)
                errpipe_data += part
                if not part or len(errpipe_data) > 50000:
                    break
        finally:
            # be sure the FD is closed no matter what
            os.close(errpipe_read)
    
        if errpipe_data:
            try:
                pid, sts = os.waitpid(self.pid, 0)
                if pid == self.pid:
                    self._handle_exitstatus(sts)
                else:
                    self.returncode = sys.maxsize
            except ChildProcessError:
                pass
    
            try:
                exception_name, hex_errno, err_msg = (
                        errpipe_data.split(b':', 2))
                # The encoding here should match the encoding
                # written in by the subprocess implementations
                # like _posixsubprocess
                err_msg = err_msg.decode()
            except ValueError:
                exception_name = b'SubprocessError'
                hex_errno = b'0'
                err_msg = 'Bad exception data from child: {!r}'.format(
                              bytes(errpipe_data))
            child_exception_type = getattr(
                    builtins, exception_name.decode('ascii'),
                    SubprocessError)
            if issubclass(child_exception_type, OSError) and hex_errno:
                errno_num = int(hex_errno, 16)
                child_exec_never_called = (err_msg == "noexec")
                if child_exec_never_called:
                    err_msg = ""
                    # The error must be from chdir(cwd).
                    err_filename = cwd
                else:
                    err_filename = orig_executable
                if errno_num != 0:
                    err_msg = os.strerror(errno_num)
>               raise child_exception_type(errno_num, err_msg, err_filename)
E               FileNotFoundError: [Errno 2] No such file or directory: 'python'

../../../../.local/share/uv/python/cpython-3.10.19-linux-x86_64-gnu/lib/python3.10/subprocess.py:1863: FileNotFoundError
_ ERROR at setup of test_complete_native_segments_tags_classes_and_bindings_in_dom[firefox] _

request = <SubRequest 'server' for <Function test_same_wrapper_native_corpus[chromium-root]>>
site_dir = PosixPath('/home/egallego/lean/verso-slides/.worktrees/vir-prettym-main435-integration/.qualification-main435-20261009/SITE')

    @pytest.fixture(scope="session")
    def server(request, site_dir):
        """Start a local HTTP server for the built site, or use an existing one."""
        external_url = request.config.getoption("--server-url")
    
        if external_url:
            yield external_url
            return
    
        port = request.config.getoption("--port")
    
        if port is None:
            port = find_free_port()
        else:
            port = int(port)
    
>       proc = subprocess.Popen(
            ["python", "-m", "http.server", str(port), "--bind", "127.0.0.1"],
            cwd=site_dir,
            stdout=subprocess.DEVNULL,
            stderr=subprocess.DEVNULL
        )

browser-tests/conftest.py:177: 
_ _ _ _ _ _ _ _ _ _ _ _ _ _ _ _ _ _ _ _ _ _ _ _ _ _ _ _ _ _ _ _ _ _ _ _ _ _ _ _ 
../../../../.local/share/uv/python/cpython-3.10.19-linux-x86_64-gnu/lib/python3.10/subprocess.py:971: in __init__
    self._execute_child(args, executable, preexec_fn, close_fds,
_ _ _ _ _ _ _ _ _ _ _ _ _ _ _ _ _ _ _ _ _ _ _ _ _ _ _ _ _ _ _ _ _ _ _ _ _ _ _ _ 

self = <Popen: returncode: 255 args: ['python', '-m', 'http.server', '41777', '--bi...>
args = ['python', '-m', 'http.server', '41777', '--bind', '127.0.0.1']
executable = b'python', preexec_fn = None, close_fds = True, pass_fds = ()
cwd = PosixPath('/home/egallego/lean/verso-slides/.worktrees/vir-prettym-main435-integration/.qualification-main435-20261009/SITE')
env = None, startupinfo = None, creationflags = 0, shell = False, p2cread = -1
p2cwrite = -1, c2pread = -1, c2pwrite = 12, errread = -1, errwrite = 12
restore_signals = True, gid = None, gids = None, uid = None, umask = -1
start_new_session = False

    def _execute_child(self, args, executable, preexec_fn, close_fds,
                       pass_fds, cwd, env,
                       startupinfo, creationflags, shell,
                       p2cread, p2cwrite,
                       c2pread, c2pwrite,
                       errread, errwrite,
                       restore_signals,
                       gid, gids, uid, umask,
                       start_new_session):
        """Execute program (POSIX version)"""
    
        if isinstance(args, (str, bytes)):
            args = [args]
        elif isinstance(args, os.PathLike):
            if shell:
                raise TypeError('path-like args is not allowed when '
                                'shell is true')
            args = [args]
        else:
            args = list(args)
    
        if shell:
            # On Android the default shell is at '/system/bin/sh'.
            unix_shell = ('/system/bin/sh' if
                      hasattr(sys, 'getandroidapilevel') else '/bin/sh')
            args = [unix_shell, "-c"] + args
            if executable:
                args[0] = executable
    
        if executable is None:
            executable = args[0]
    
        sys.audit("subprocess.Popen", executable, args, cwd, env)
    
        if (_USE_POSIX_SPAWN
                and os.path.dirname(executable)
                and preexec_fn is None
                and not close_fds
                and not pass_fds
                and cwd is None
                and (p2cread == -1 or p2cread > 2)
                and (c2pwrite == -1 or c2pwrite > 2)
                and (errwrite == -1 or errwrite > 2)
                and not start_new_session
                and gid is None
                and gids is None
                and uid is None
                and umask < 0):
            self._posix_spawn(args, executable, env, restore_signals,
                              p2cread, p2cwrite,
                              c2pread, c2pwrite,
                              errread, errwrite)
            return
    
        orig_executable = executable
    
        # For transferring possible exec failure from child to parent.
        # Data format: "exception name:hex errno:description"
        # Pickle is not used; it is complex and involves memory allocation.
        errpipe_read, errpipe_write = os.pipe()
        # errpipe_write must not be in the standard io 0, 1, or 2 fd range.
        low_fds_to_close = []
        while errpipe_write < 3:
            low_fds_to_close.append(errpipe_write)
            errpipe_write = os.dup(errpipe_write)
        for low_fd in low_fds_to_close:
            os.close(low_fd)
        try:
            try:
                # We must avoid complex work that could involve
                # malloc or free in the child process to avoid
                # potential deadlocks, thus we do all this here.
                # and pass it to fork_exec()
    
                if env is not None:
                    env_list = []
                    for k, v in env.items():
                        k = os.fsencode(k)
                        if b'=' in k:
                            raise ValueError("illegal environment variable name")
                        env_list.append(k + b'=' + os.fsencode(v))
                else:
                    env_list = None  # Use execv instead of execve.
                executable = os.fsencode(executable)
                if os.path.dirname(executable):
                    executable_list = (executable,)
                else:
                    # This matches the behavior of os._execvpe().
                    executable_list = tuple(
                        os.path.join(os.fsencode(dir), executable)
                        for dir in os.get_exec_path(env))
                fds_to_keep = set(pass_fds)
                fds_to_keep.add(errpipe_write)
                self.pid = _posixsubprocess.fork_exec(
                        args, executable_list,
                        close_fds, tuple(sorted(map(int, fds_to_keep))),
                        cwd, env_list,
                        p2cread, p2cwrite, c2pread, c2pwrite,
                        errread, errwrite,
                        errpipe_read, errpipe_write,
                        restore_signals, start_new_session,
                        gid, gids, uid, umask,
                        preexec_fn)
                self._child_created = True
            finally:
                # be sure the FD is closed no matter what
                os.close(errpipe_write)
    
            self._close_pipe_fds(p2cread, p2cwrite,
                                 c2pread, c2pwrite,
                                 errread, errwrite)
    
            # Wait for exec to fail or succeed; possibly raising an
            # exception (limited in size)
            errpipe_data = bytearray()
            while True:
                part = os.read(errpipe_read, 50000)
                errpipe_data += part
                if not part or len(errpipe_data) > 50000:
                    break
        finally:
            # be sure the FD is closed no matter what
            os.close(errpipe_read)
    
        if errpipe_data:
            try:
                pid, sts = os.waitpid(self.pid, 0)
                if pid == self.pid:
                    self._handle_exitstatus(sts)
                else:
                    self.returncode = sys.maxsize
            except ChildProcessError:
                pass
    
            try:
                exception_name, hex_errno, err_msg = (
                        errpipe_data.split(b':', 2))
                # The encoding here should match the encoding
                # written in by the subprocess implementations
                # like _posixsubprocess
                err_msg = err_msg.decode()
            except ValueError:
                exception_name = b'SubprocessError'
                hex_errno = b'0'
                err_msg = 'Bad exception data from child: {!r}'.format(
                              bytes(errpipe_data))
            child_exception_type = getattr(
                    builtins, exception_name.decode('ascii'),
                    SubprocessError)
            if issubclass(child_exception_type, OSError) and hex_errno:
                errno_num = int(hex_errno, 16)
                child_exec_never_called = (err_msg == "noexec")
                if child_exec_never_called:
                    err_msg = ""
                    # The error must be from chdir(cwd).
                    err_filename = cwd
                else:
                    err_filename = orig_executable
                if errno_num != 0:
                    err_msg = os.strerror(errno_num)
>               raise child_exception_type(errno_num, err_msg, err_filename)
E               FileNotFoundError: [Errno 2] No such file or directory: 'python'

../../../../.local/share/uv/python/cpython-3.10.19-linux-x86_64-gnu/lib/python3.10/subprocess.py:1863: FileNotFoundError
_ ERROR at setup of test_existing_text_and_binding_escaping_with_large_tags[firefox] _

request = <SubRequest 'server' for <Function test_same_wrapper_native_corpus[chromium-root]>>
site_dir = PosixPath('/home/egallego/lean/verso-slides/.worktrees/vir-prettym-main435-integration/.qualification-main435-20261009/SITE')

    @pytest.fixture(scope="session")
    def server(request, site_dir):
        """Start a local HTTP server for the built site, or use an existing one."""
        external_url = request.config.getoption("--server-url")
    
        if external_url:
            yield external_url
            return
    
        port = request.config.getoption("--port")
    
        if port is None:
            port = find_free_port()
        else:
            port = int(port)
    
>       proc = subprocess.Popen(
            ["python", "-m", "http.server", str(port), "--bind", "127.0.0.1"],
            cwd=site_dir,
            stdout=subprocess.DEVNULL,
            stderr=subprocess.DEVNULL
        )

browser-tests/conftest.py:177: 
_ _ _ _ _ _ _ _ _ _ _ _ _ _ _ _ _ _ _ _ _ _ _ _ _ _ _ _ _ _ _ _ _ _ _ _ _ _ _ _ 
../../../../.local/share/uv/python/cpython-3.10.19-linux-x86_64-gnu/lib/python3.10/subprocess.py:971: in __init__
    self._execute_child(args, executable, preexec_fn, close_fds,
_ _ _ _ _ _ _ _ _ _ _ _ _ _ _ _ _ _ _ _ _ _ _ _ _ _ _ _ _ _ _ _ _ _ _ _ _ _ _ _ 

self = <Popen: returncode: 255 args: ['python', '-m', 'http.server', '41777', '--bi...>
args = ['python', '-m', 'http.server', '41777', '--bind', '127.0.0.1']
executable = b'python', preexec_fn = None, close_fds = True, pass_fds = ()
cwd = PosixPath('/home/egallego/lean/verso-slides/.worktrees/vir-prettym-main435-integration/.qualification-main435-20261009/SITE')
env = None, startupinfo = None, creationflags = 0, shell = False, p2cread = -1
p2cwrite = -1, c2pread = -1, c2pwrite = 12, errread = -1, errwrite = 12
restore_signals = True, gid = None, gids = None, uid = None, umask = -1
start_new_session = False

    def _execute_child(self, args, executable, preexec_fn, close_fds,
                       pass_fds, cwd, env,
                       startupinfo, creationflags, shell,
                       p2cread, p2cwrite,
                       c2pread, c2pwrite,
                       errread, errwrite,
                       restore_signals,
                       gid, gids, uid, umask,
                       start_new_session):
        """Execute program (POSIX version)"""
    
        if isinstance(args, (str, bytes)):
            args = [args]
        elif isinstance(args, os.PathLike):
            if shell:
                raise TypeError('path-like args is not allowed when '
                                'shell is true')
            args = [args]
        else:
            args = list(args)
    
        if shell:
            # On Android the default shell is at '/system/bin/sh'.
            unix_shell = ('/system/bin/sh' if
                      hasattr(sys, 'getandroidapilevel') else '/bin/sh')
            args = [unix_shell, "-c"] + args
            if executable:
                args[0] = executable
    
        if executable is None:
            executable = args[0]
    
        sys.audit("subprocess.Popen", executable, args, cwd, env)
    
        if (_USE_POSIX_SPAWN
                and os.path.dirname(executable)
                and preexec_fn is None
                and not close_fds
                and not pass_fds
                and cwd is None
                and (p2cread == -1 or p2cread > 2)
                and (c2pwrite == -1 or c2pwrite > 2)
                and (errwrite == -1 or errwrite > 2)
                and not start_new_session
                and gid is None
                and gids is None
                and uid is None
                and umask < 0):
            self._posix_spawn(args, executable, env, restore_signals,
                              p2cread, p2cwrite,
                              c2pread, c2pwrite,
                              errread, errwrite)
            return
    
        orig_executable = executable
    
        # For transferring possible exec failure from child to parent.
        # Data format: "exception name:hex errno:description"
        # Pickle is not used; it is complex and involves memory allocation.
        errpipe_read, errpipe_write = os.pipe()
        # errpipe_write must not be in the standard io 0, 1, or 2 fd range.
        low_fds_to_close = []
        while errpipe_write < 3:
            low_fds_to_close.append(errpipe_write)
            errpipe_write = os.dup(errpipe_write)
        for low_fd in low_fds_to_close:
            os.close(low_fd)
        try:
            try:
                # We must avoid complex work that could involve
                # malloc or free in the child process to avoid
                # potential deadlocks, thus we do all this here.
                # and pass it to fork_exec()
    
                if env is not None:
                    env_list = []
                    for k, v in env.items():
                        k = os.fsencode(k)
                        if b'=' in k:
                            raise ValueError("illegal environment variable name")
                        env_list.append(k + b'=' + os.fsencode(v))
                else:
                    env_list = None  # Use execv instead of execve.
                executable = os.fsencode(executable)
                if os.path.dirname(executable):
                    executable_list = (executable,)
                else:
                    # This matches the behavior of os._execvpe().
                    executable_list = tuple(
                        os.path.join(os.fsencode(dir), executable)
                        for dir in os.get_exec_path(env))
                fds_to_keep = set(pass_fds)
                fds_to_keep.add(errpipe_write)
                self.pid = _posixsubprocess.fork_exec(
                        args, executable_list,
                        close_fds, tuple(sorted(map(int, fds_to_keep))),
                        cwd, env_list,
                        p2cread, p2cwrite, c2pread, c2pwrite,
                        errread, errwrite,
                        errpipe_read, errpipe_write,
                        restore_signals, start_new_session,
                        gid, gids, uid, umask,
                        preexec_fn)
                self._child_created = True
            finally:
                # be sure the FD is closed no matter what
                os.close(errpipe_write)
    
            self._close_pipe_fds(p2cread, p2cwrite,
                                 c2pread, c2pwrite,
                                 errread, errwrite)
    
            # Wait for exec to fail or succeed; possibly raising an
            # exception (limited in size)
            errpipe_data = bytearray()
            while True:
                part = os.read(errpipe_read, 50000)
                errpipe_data += part
                if not part or len(errpipe_data) > 50000:
                    break
        finally:
            # be sure the FD is closed no matter what
            os.close(errpipe_read)
    
        if errpipe_data:
            try:
                pid, sts = os.waitpid(self.pid, 0)
                if pid == self.pid:
                    self._handle_exitstatus(sts)
                else:
                    self.returncode = sys.maxsize
            except ChildProcessError:
                pass
    
            try:
                exception_name, hex_errno, err_msg = (
                        errpipe_data.split(b':', 2))
                # The encoding here should match the encoding
                # written in by the subprocess implementations
                # like _posixsubprocess
                err_msg = err_msg.decode()
            except ValueError:
                exception_name = b'SubprocessError'
                hex_errno = b'0'
                err_msg = 'Bad exception data from child: {!r}'.format(
                              bytes(errpipe_data))
            child_exception_type = getattr(
                    builtins, exception_name.decode('ascii'),
                    SubprocessError)
            if issubclass(child_exception_type, OSError) and hex_errno:
                errno_num = int(hex_errno, 16)
                child_exec_never_called = (err_msg == "noexec")
                if child_exec_never_called:
                    err_msg = ""
                    # The error must be from chdir(cwd).
                    err_filename = cwd
                else:
                    err_filename = orig_executable
                if errno_num != 0:
                    err_msg = os.strerror(errno_num)
>               raise child_exception_type(errno_num, err_msg, err_filename)
E               FileNotFoundError: [Errno 2] No such file or directory: 'python'

../../../../.local/share/uv/python/cpython-3.10.19-linux-x86_64-gnu/lib/python3.10/subprocess.py:1863: FileNotFoundError
_ ERROR at setup of test_shared_goal_preserves_ordinary_binding_interaction[firefox] _

request = <SubRequest 'server' for <Function test_same_wrapper_native_corpus[chromium-root]>>
site_dir = PosixPath('/home/egallego/lean/verso-slides/.worktrees/vir-prettym-main435-integration/.qualification-main435-20261009/SITE')

    @pytest.fixture(scope="session")
    def server(request, site_dir):
        """Start a local HTTP server for the built site, or use an existing one."""
        external_url = request.config.getoption("--server-url")
    
        if external_url:
            yield external_url
            return
    
        port = request.config.getoption("--port")
    
        if port is None:
            port = find_free_port()
        else:
            port = int(port)
    
>       proc = subprocess.Popen(
            ["python", "-m", "http.server", str(port), "--bind", "127.0.0.1"],
            cwd=site_dir,
            stdout=subprocess.DEVNULL,
            stderr=subprocess.DEVNULL
        )

browser-tests/conftest.py:177: 
_ _ _ _ _ _ _ _ _ _ _ _ _ _ _ _ _ _ _ _ _ _ _ _ _ _ _ _ _ _ _ _ _ _ _ _ _ _ _ _ 
../../../../.local/share/uv/python/cpython-3.10.19-linux-x86_64-gnu/lib/python3.10/subprocess.py:971: in __init__
    self._execute_child(args, executable, preexec_fn, close_fds,
_ _ _ _ _ _ _ _ _ _ _ _ _ _ _ _ _ _ _ _ _ _ _ _ _ _ _ _ _ _ _ _ _ _ _ _ _ _ _ _ 

self = <Popen: returncode: 255 args: ['python', '-m', 'http.server', '41777', '--bi...>
args = ['python', '-m', 'http.server', '41777', '--bind', '127.0.0.1']
executable = b'python', preexec_fn = None, close_fds = True, pass_fds = ()
cwd = PosixPath('/home/egallego/lean/verso-slides/.worktrees/vir-prettym-main435-integration/.qualification-main435-20261009/SITE')
env = None, startupinfo = None, creationflags = 0, shell = False, p2cread = -1
p2cwrite = -1, c2pread = -1, c2pwrite = 12, errread = -1, errwrite = 12
restore_signals = True, gid = None, gids = None, uid = None, umask = -1
start_new_session = False

    def _execute_child(self, args, executable, preexec_fn, close_fds,
                       pass_fds, cwd, env,
                       startupinfo, creationflags, shell,
                       p2cread, p2cwrite,
                       c2pread, c2pwrite,
                       errread, errwrite,
                       restore_signals,
                       gid, gids, uid, umask,
                       start_new_session):
        """Execute program (POSIX version)"""
    
        if isinstance(args, (str, bytes)):
            args = [args]
        elif isinstance(args, os.PathLike):
            if shell:
                raise TypeError('path-like args is not allowed when '
                                'shell is true')
            args = [args]
        else:
            args = list(args)
    
        if shell:
            # On Android the default shell is at '/system/bin/sh'.
            unix_shell = ('/system/bin/sh' if
                      hasattr(sys, 'getandroidapilevel') else '/bin/sh')
            args = [unix_shell, "-c"] + args
            if executable:
                args[0] = executable
    
        if executable is None:
            executable = args[0]
    
        sys.audit("subprocess.Popen", executable, args, cwd, env)
    
        if (_USE_POSIX_SPAWN
                and os.path.dirname(executable)
                and preexec_fn is None
                and not close_fds
                and not pass_fds
                and cwd is None
                and (p2cread == -1 or p2cread > 2)
                and (c2pwrite == -1 or c2pwrite > 2)
                and (errwrite == -1 or errwrite > 2)
                and not start_new_session
                and gid is None
                and gids is None
                and uid is None
                and umask < 0):
            self._posix_spawn(args, executable, env, restore_signals,
                              p2cread, p2cwrite,
                              c2pread, c2pwrite,
                              errread, errwrite)
            return
    
        orig_executable = executable
    
        # For transferring possible exec failure from child to parent.
        # Data format: "exception name:hex errno:description"
        # Pickle is not used; it is complex and involves memory allocation.
        errpipe_read, errpipe_write = os.pipe()
        # errpipe_write must not be in the standard io 0, 1, or 2 fd range.
        low_fds_to_close = []
        while errpipe_write < 3:
            low_fds_to_close.append(errpipe_write)
            errpipe_write = os.dup(errpipe_write)
        for low_fd in low_fds_to_close:
            os.close(low_fd)
        try:
            try:
                # We must avoid complex work that could involve
                # malloc or free in the child process to avoid
                # potential deadlocks, thus we do all this here.
                # and pass it to fork_exec()
    
                if env is not None:
                    env_list = []
                    for k, v in env.items():
                        k = os.fsencode(k)
                        if b'=' in k:
                            raise ValueError("illegal environment variable name")
                        env_list.append(k + b'=' + os.fsencode(v))
                else:
                    env_list = None  # Use execv instead of execve.
                executable = os.fsencode(executable)
                if os.path.dirname(executable):
                    executable_list = (executable,)
                else:
                    # This matches the behavior of os._execvpe().
                    executable_list = tuple(
                        os.path.join(os.fsencode(dir), executable)
                        for dir in os.get_exec_path(env))
                fds_to_keep = set(pass_fds)
                fds_to_keep.add(errpipe_write)
                self.pid = _posixsubprocess.fork_exec(
                        args, executable_list,
                        close_fds, tuple(sorted(map(int, fds_to_keep))),
                        cwd, env_list,
                        p2cread, p2cwrite, c2pread, c2pwrite,
                        errread, errwrite,
                        errpipe_read, errpipe_write,
                        restore_signals, start_new_session,
                        gid, gids, uid, umask,
                        preexec_fn)
                self._child_created = True
            finally:
                # be sure the FD is closed no matter what
                os.close(errpipe_write)
    
            self._close_pipe_fds(p2cread, p2cwrite,
                                 c2pread, c2pwrite,
                                 errread, errwrite)
    
            # Wait for exec to fail or succeed; possibly raising an
            # exception (limited in size)
            errpipe_data = bytearray()
            while True:
                part = os.read(errpipe_read, 50000)
                errpipe_data += part
                if not part or len(errpipe_data) > 50000:
                    break
        finally:
            # be sure the FD is closed no matter what
            os.close(errpipe_read)
    
        if errpipe_data:
            try:
                pid, sts = os.waitpid(self.pid, 0)
                if pid == self.pid:
                    self._handle_exitstatus(sts)
                else:
                    self.returncode = sys.maxsize
            except ChildProcessError:
                pass
    
            try:
                exception_name, hex_errno, err_msg = (
                        errpipe_data.split(b':', 2))
                # The encoding here should match the encoding
                # written in by the subprocess implementations
                # like _posixsubprocess
                err_msg = err_msg.decode()
            except ValueError:
                exception_name = b'SubprocessError'
                hex_errno = b'0'
                err_msg = 'Bad exception data from child: {!r}'.format(
                              bytes(errpipe_data))
            child_exception_type = getattr(
                    builtins, exception_name.decode('ascii'),
                    SubprocessError)
            if issubclass(child_exception_type, OSError) and hex_errno:
                errno_num = int(hex_errno, 16)
                child_exec_never_called = (err_msg == "noexec")
                if child_exec_never_called:
                    err_msg = ""
                    # The error must be from chdir(cwd).
                    err_filename = cwd
                else:
                    err_filename = orig_executable
                if errno_num != 0:
                    err_msg = os.strerror(errno_num)
>               raise child_exception_type(errno_num, err_msg, err_filename)
E               FileNotFoundError: [Errno 2] No such file or directory: 'python'

../../../../.local/share/uv/python/cpython-3.10.19-linux-x86_64-gnu/lib/python3.10/subprocess.py:1863: FileNotFoundError
_ ERROR at setup of test_rejected_format_is_visible_without_static_layout_substitution_or_probe_retention[firefox] _

request = <SubRequest 'server' for <Function test_same_wrapper_native_corpus[chromium-root]>>
site_dir = PosixPath('/home/egallego/lean/verso-slides/.worktrees/vir-prettym-main435-integration/.qualification-main435-20261009/SITE')

    @pytest.fixture(scope="session")
    def server(request, site_dir):
        """Start a local HTTP server for the built site, or use an existing one."""
        external_url = request.config.getoption("--server-url")
    
        if external_url:
            yield external_url
            return
    
        port = request.config.getoption("--port")
    
        if port is None:
            port = find_free_port()
        else:
            port = int(port)
    
>       proc = subprocess.Popen(
            ["python", "-m", "http.server", str(port), "--bind", "127.0.0.1"],
            cwd=site_dir,
            stdout=subprocess.DEVNULL,
            stderr=subprocess.DEVNULL
        )

browser-tests/conftest.py:177: 
_ _ _ _ _ _ _ _ _ _ _ _ _ _ _ _ _ _ _ _ _ _ _ _ _ _ _ _ _ _ _ _ _ _ _ _ _ _ _ _ 
../../../../.local/share/uv/python/cpython-3.10.19-linux-x86_64-gnu/lib/python3.10/subprocess.py:971: in __init__
    self._execute_child(args, executable, preexec_fn, close_fds,
_ _ _ _ _ _ _ _ _ _ _ _ _ _ _ _ _ _ _ _ _ _ _ _ _ _ _ _ _ _ _ _ _ _ _ _ _ _ _ _ 

self = <Popen: returncode: 255 args: ['python', '-m', 'http.server', '41777', '--bi...>
args = ['python', '-m', 'http.server', '41777', '--bind', '127.0.0.1']
executable = b'python', preexec_fn = None, close_fds = True, pass_fds = ()
cwd = PosixPath('/home/egallego/lean/verso-slides/.worktrees/vir-prettym-main435-integration/.qualification-main435-20261009/SITE')
env = None, startupinfo = None, creationflags = 0, shell = False, p2cread = -1
p2cwrite = -1, c2pread = -1, c2pwrite = 12, errread = -1, errwrite = 12
restore_signals = True, gid = None, gids = None, uid = None, umask = -1
start_new_session = False

    def _execute_child(self, args, executable, preexec_fn, close_fds,
                       pass_fds, cwd, env,
                       startupinfo, creationflags, shell,
                       p2cread, p2cwrite,
                       c2pread, c2pwrite,
                       errread, errwrite,
                       restore_signals,
                       gid, gids, uid, umask,
                       start_new_session):
        """Execute program (POSIX version)"""
    
        if isinstance(args, (str, bytes)):
            args = [args]
        elif isinstance(args, os.PathLike):
            if shell:
                raise TypeError('path-like args is not allowed when '
                                'shell is true')
            args = [args]
        else:
            args = list(args)
    
        if shell:
            # On Android the default shell is at '/system/bin/sh'.
            unix_shell = ('/system/bin/sh' if
                      hasattr(sys, 'getandroidapilevel') else '/bin/sh')
            args = [unix_shell, "-c"] + args
            if executable:
                args[0] = executable
    
        if executable is None:
            executable = args[0]
    
        sys.audit("subprocess.Popen", executable, args, cwd, env)
    
        if (_USE_POSIX_SPAWN
                and os.path.dirname(executable)
                and preexec_fn is None
                and not close_fds
                and not pass_fds
                and cwd is None
                and (p2cread == -1 or p2cread > 2)
                and (c2pwrite == -1 or c2pwrite > 2)
                and (errwrite == -1 or errwrite > 2)
                and not start_new_session
                and gid is None
                and gids is None
                and uid is None
                and umask < 0):
            self._posix_spawn(args, executable, env, restore_signals,
                              p2cread, p2cwrite,
                              c2pread, c2pwrite,
                              errread, errwrite)
            return
    
        orig_executable = executable
    
        # For transferring possible exec failure from child to parent.
        # Data format: "exception name:hex errno:description"
        # Pickle is not used; it is complex and involves memory allocation.
        errpipe_read, errpipe_write = os.pipe()
        # errpipe_write must not be in the standard io 0, 1, or 2 fd range.
        low_fds_to_close = []
        while errpipe_write < 3:
            low_fds_to_close.append(errpipe_write)
            errpipe_write = os.dup(errpipe_write)
        for low_fd in low_fds_to_close:
            os.close(low_fd)
        try:
            try:
                # We must avoid complex work that could involve
                # malloc or free in the child process to avoid
                # potential deadlocks, thus we do all this here.
                # and pass it to fork_exec()
    
                if env is not None:
                    env_list = []
                    for k, v in env.items():
                        k = os.fsencode(k)
                        if b'=' in k:
                            raise ValueError("illegal environment variable name")
                        env_list.append(k + b'=' + os.fsencode(v))
                else:
                    env_list = None  # Use execv instead of execve.
                executable = os.fsencode(executable)
                if os.path.dirname(executable):
                    executable_list = (executable,)
                else:
                    # This matches the behavior of os._execvpe().
                    executable_list = tuple(
                        os.path.join(os.fsencode(dir), executable)
                        for dir in os.get_exec_path(env))
                fds_to_keep = set(pass_fds)
                fds_to_keep.add(errpipe_write)
                self.pid = _posixsubprocess.fork_exec(
                        args, executable_list,
                        close_fds, tuple(sorted(map(int, fds_to_keep))),
                        cwd, env_list,
                        p2cread, p2cwrite, c2pread, c2pwrite,
                        errread, errwrite,
                        errpipe_read, errpipe_write,
                        restore_signals, start_new_session,
                        gid, gids, uid, umask,
                        preexec_fn)
                self._child_created = True
            finally:
                # be sure the FD is closed no matter what
                os.close(errpipe_write)
    
            self._close_pipe_fds(p2cread, p2cwrite,
                                 c2pread, c2pwrite,
                                 errread, errwrite)
    
            # Wait for exec to fail or succeed; possibly raising an
            # exception (limited in size)
            errpipe_data = bytearray()
            while True:
                part = os.read(errpipe_read, 50000)
                errpipe_data += part
                if not part or len(errpipe_data) > 50000:
                    break
        finally:
            # be sure the FD is closed no matter what
            os.close(errpipe_read)
    
        if errpipe_data:
            try:
                pid, sts = os.waitpid(self.pid, 0)
                if pid == self.pid:
                    self._handle_exitstatus(sts)
                else:
                    self.returncode = sys.maxsize
            except ChildProcessError:
                pass
    
            try:
                exception_name, hex_errno, err_msg = (
                        errpipe_data.split(b':', 2))
                # The encoding here should match the encoding
                # written in by the subprocess implementations
                # like _posixsubprocess
                err_msg = err_msg.decode()
            except ValueError:
                exception_name = b'SubprocessError'
                hex_errno = b'0'
                err_msg = 'Bad exception data from child: {!r}'.format(
                              bytes(errpipe_data))
            child_exception_type = getattr(
                    builtins, exception_name.decode('ascii'),
                    SubprocessError)
            if issubclass(child_exception_type, OSError) and hex_errno:
                errno_num = int(hex_errno, 16)
                child_exec_never_called = (err_msg == "noexec")
                if child_exec_never_called:
                    err_msg = ""
                    # The error must be from chdir(cwd).
                    err_filename = cwd
                else:
                    err_filename = orig_executable
                if errno_num != 0:
                    err_msg = os.strerror(errno_num)
>               raise child_exception_type(errno_num, err_msg, err_filename)
E               FileNotFoundError: [Errno 2] No such file or directory: 'python'

../../../../.local/share/uv/python/cpython-3.10.19-linux-x86_64-gnu/lib/python3.10/subprocess.py:1863: FileNotFoundError
_ ERROR at setup of test_vir_numeric_admission_keeps_the_same_program_usable[firefox] _

request = <SubRequest 'server' for <Function test_same_wrapper_native_corpus[chromium-root]>>
site_dir = PosixPath('/home/egallego/lean/verso-slides/.worktrees/vir-prettym-main435-integration/.qualification-main435-20261009/SITE')

    @pytest.fixture(scope="session")
    def server(request, site_dir):
        """Start a local HTTP server for the built site, or use an existing one."""
        external_url = request.config.getoption("--server-url")
    
        if external_url:
            yield external_url
            return
    
        port = request.config.getoption("--port")
    
        if port is None:
            port = find_free_port()
        else:
            port = int(port)
    
>       proc = subprocess.Popen(
            ["python", "-m", "http.server", str(port), "--bind", "127.0.0.1"],
            cwd=site_dir,
            stdout=subprocess.DEVNULL,
            stderr=subprocess.DEVNULL
        )

browser-tests/conftest.py:177: 
_ _ _ _ _ _ _ _ _ _ _ _ _ _ _ _ _ _ _ _ _ _ _ _ _ _ _ _ _ _ _ _ _ _ _ _ _ _ _ _ 
../../../../.local/share/uv/python/cpython-3.10.19-linux-x86_64-gnu/lib/python3.10/subprocess.py:971: in __init__
    self._execute_child(args, executable, preexec_fn, close_fds,
_ _ _ _ _ _ _ _ _ _ _ _ _ _ _ _ _ _ _ _ _ _ _ _ _ _ _ _ _ _ _ _ _ _ _ _ _ _ _ _ 

self = <Popen: returncode: 255 args: ['python', '-m', 'http.server', '41777', '--bi...>
args = ['python', '-m', 'http.server', '41777', '--bind', '127.0.0.1']
executable = b'python', preexec_fn = None, close_fds = True, pass_fds = ()
cwd = PosixPath('/home/egallego/lean/verso-slides/.worktrees/vir-prettym-main435-integration/.qualification-main435-20261009/SITE')
env = None, startupinfo = None, creationflags = 0, shell = False, p2cread = -1
p2cwrite = -1, c2pread = -1, c2pwrite = 12, errread = -1, errwrite = 12
restore_signals = True, gid = None, gids = None, uid = None, umask = -1
start_new_session = False

    def _execute_child(self, args, executable, preexec_fn, close_fds,
                       pass_fds, cwd, env,
                       startupinfo, creationflags, shell,
                       p2cread, p2cwrite,
                       c2pread, c2pwrite,
                       errread, errwrite,
                       restore_signals,
                       gid, gids, uid, umask,
                       start_new_session):
        """Execute program (POSIX version)"""
    
        if isinstance(args, (str, bytes)):
            args = [args]
        elif isinstance(args, os.PathLike):
            if shell:
                raise TypeError('path-like args is not allowed when '
                                'shell is true')
            args = [args]
        else:
            args = list(args)
    
        if shell:
            # On Android the default shell is at '/system/bin/sh'.
            unix_shell = ('/system/bin/sh' if
                      hasattr(sys, 'getandroidapilevel') else '/bin/sh')
            args = [unix_shell, "-c"] + args
            if executable:
                args[0] = executable
    
        if executable is None:
            executable = args[0]
    
        sys.audit("subprocess.Popen", executable, args, cwd, env)
    
        if (_USE_POSIX_SPAWN
                and os.path.dirname(executable)
                and preexec_fn is None
                and not close_fds
                and not pass_fds
                and cwd is None
                and (p2cread == -1 or p2cread > 2)
                and (c2pwrite == -1 or c2pwrite > 2)
                and (errwrite == -1 or errwrite > 2)
                and not start_new_session
                and gid is None
                and gids is None
                and uid is None
                and umask < 0):
            self._posix_spawn(args, executable, env, restore_signals,
                              p2cread, p2cwrite,
                              c2pread, c2pwrite,
                              errread, errwrite)
            return
    
        orig_executable = executable
    
        # For transferring possible exec failure from child to parent.
        # Data format: "exception name:hex errno:description"
        # Pickle is not used; it is complex and involves memory allocation.
        errpipe_read, errpipe_write = os.pipe()
        # errpipe_write must not be in the standard io 0, 1, or 2 fd range.
        low_fds_to_close = []
        while errpipe_write < 3:
            low_fds_to_close.append(errpipe_write)
            errpipe_write = os.dup(errpipe_write)
        for low_fd in low_fds_to_close:
            os.close(low_fd)
        try:
            try:
                # We must avoid complex work that could involve
                # malloc or free in the child process to avoid
                # potential deadlocks, thus we do all this here.
                # and pass it to fork_exec()
    
                if env is not None:
                    env_list = []
                    for k, v in env.items():
                        k = os.fsencode(k)
                        if b'=' in k:
                            raise ValueError("illegal environment variable name")
                        env_list.append(k + b'=' + os.fsencode(v))
                else:
                    env_list = None  # Use execv instead of execve.
                executable = os.fsencode(executable)
                if os.path.dirname(executable):
                    executable_list = (executable,)
                else:
                    # This matches the behavior of os._execvpe().
                    executable_list = tuple(
                        os.path.join(os.fsencode(dir), executable)
                        for dir in os.get_exec_path(env))
                fds_to_keep = set(pass_fds)
                fds_to_keep.add(errpipe_write)
                self.pid = _posixsubprocess.fork_exec(
                        args, executable_list,
                        close_fds, tuple(sorted(map(int, fds_to_keep))),
                        cwd, env_list,
                        p2cread, p2cwrite, c2pread, c2pwrite,
                        errread, errwrite,
                        errpipe_read, errpipe_write,
                        restore_signals, start_new_session,
                        gid, gids, uid, umask,
                        preexec_fn)
                self._child_created = True
            finally:
                # be sure the FD is closed no matter what
                os.close(errpipe_write)
    
            self._close_pipe_fds(p2cread, p2cwrite,
                                 c2pread, c2pwrite,
                                 errread, errwrite)
    
            # Wait for exec to fail or succeed; possibly raising an
            # exception (limited in size)
            errpipe_data = bytearray()
            while True:
                part = os.read(errpipe_read, 50000)
                errpipe_data += part
                if not part or len(errpipe_data) > 50000:
                    break
        finally:
            # be sure the FD is closed no matter what
            os.close(errpipe_read)
    
        if errpipe_data:
            try:
                pid, sts = os.waitpid(self.pid, 0)
                if pid == self.pid:
                    self._handle_exitstatus(sts)
                else:
                    self.returncode = sys.maxsize
            except ChildProcessError:
                pass
    
            try:
                exception_name, hex_errno, err_msg = (
                        errpipe_data.split(b':', 2))
                # The encoding here should match the encoding
                # written in by the subprocess implementations
                # like _posixsubprocess
                err_msg = err_msg.decode()
            except ValueError:
                exception_name = b'SubprocessError'
                hex_errno = b'0'
                err_msg = 'Bad exception data from child: {!r}'.format(
                              bytes(errpipe_data))
            child_exception_type = getattr(
                    builtins, exception_name.decode('ascii'),
                    SubprocessError)
            if issubclass(child_exception_type, OSError) and hex_errno:
                errno_num = int(hex_errno, 16)
                child_exec_never_called = (err_msg == "noexec")
                if child_exec_never_called:
                    err_msg = ""
                    # The error must be from chdir(cwd).
                    err_filename = cwd
                else:
                    err_filename = orig_executable
                if errno_num != 0:
                    err_msg = os.strerror(errno_num)
>               raise child_exception_type(errno_num, err_msg, err_filename)
E               FileNotFoundError: [Errno 2] No such file or directory: 'python'

../../../../.local/share/uv/python/cpython-3.10.19-linux-x86_64-gnu/lib/python3.10/subprocess.py:1863: FileNotFoundError
_ ERROR at setup of test_pending_formatter_keeps_navigation_and_current_selection_usable[firefox] _

request = <SubRequest 'server' for <Function test_same_wrapper_native_corpus[chromium-root]>>
site_dir = PosixPath('/home/egallego/lean/verso-slides/.worktrees/vir-prettym-main435-integration/.qualification-main435-20261009/SITE')

    @pytest.fixture(scope="session")
    def server(request, site_dir):
        """Start a local HTTP server for the built site, or use an existing one."""
        external_url = request.config.getoption("--server-url")
    
        if external_url:
            yield external_url
            return
    
        port = request.config.getoption("--port")
    
        if port is None:
            port = find_free_port()
        else:
            port = int(port)
    
>       proc = subprocess.Popen(
            ["python", "-m", "http.server", str(port), "--bind", "127.0.0.1"],
            cwd=site_dir,
            stdout=subprocess.DEVNULL,
            stderr=subprocess.DEVNULL
        )

browser-tests/conftest.py:177: 
_ _ _ _ _ _ _ _ _ _ _ _ _ _ _ _ _ _ _ _ _ _ _ _ _ _ _ _ _ _ _ _ _ _ _ _ _ _ _ _ 
../../../../.local/share/uv/python/cpython-3.10.19-linux-x86_64-gnu/lib/python3.10/subprocess.py:971: in __init__
    self._execute_child(args, executable, preexec_fn, close_fds,
_ _ _ _ _ _ _ _ _ _ _ _ _ _ _ _ _ _ _ _ _ _ _ _ _ _ _ _ _ _ _ _ _ _ _ _ _ _ _ _ 

self = <Popen: returncode: 255 args: ['python', '-m', 'http.server', '41777', '--bi...>
args = ['python', '-m', 'http.server', '41777', '--bind', '127.0.0.1']
executable = b'python', preexec_fn = None, close_fds = True, pass_fds = ()
cwd = PosixPath('/home/egallego/lean/verso-slides/.worktrees/vir-prettym-main435-integration/.qualification-main435-20261009/SITE')
env = None, startupinfo = None, creationflags = 0, shell = False, p2cread = -1
p2cwrite = -1, c2pread = -1, c2pwrite = 12, errread = -1, errwrite = 12
restore_signals = True, gid = None, gids = None, uid = None, umask = -1
start_new_session = False

    def _execute_child(self, args, executable, preexec_fn, close_fds,
                       pass_fds, cwd, env,
                       startupinfo, creationflags, shell,
                       p2cread, p2cwrite,
                       c2pread, c2pwrite,
                       errread, errwrite,
                       restore_signals,
                       gid, gids, uid, umask,
                       start_new_session):
        """Execute program (POSIX version)"""
    
        if isinstance(args, (str, bytes)):
            args = [args]
        elif isinstance(args, os.PathLike):
            if shell:
                raise TypeError('path-like args is not allowed when '
                                'shell is true')
            args = [args]
        else:
            args = list(args)
    
        if shell:
            # On Android the default shell is at '/system/bin/sh'.
            unix_shell = ('/system/bin/sh' if
                      hasattr(sys, 'getandroidapilevel') else '/bin/sh')
            args = [unix_shell, "-c"] + args
            if executable:
                args[0] = executable
    
        if executable is None:
            executable = args[0]
    
        sys.audit("subprocess.Popen", executable, args, cwd, env)
    
        if (_USE_POSIX_SPAWN
                and os.path.dirname(executable)
                and preexec_fn is None
                and not close_fds
                and not pass_fds
                and cwd is None
                and (p2cread == -1 or p2cread > 2)
                and (c2pwrite == -1 or c2pwrite > 2)
                and (errwrite == -1 or errwrite > 2)
                and not start_new_session
                and gid is None
                and gids is None
                and uid is None
                and umask < 0):
            self._posix_spawn(args, executable, env, restore_signals,
                              p2cread, p2cwrite,
                              c2pread, c2pwrite,
                              errread, errwrite)
            return
    
        orig_executable = executable
    
        # For transferring possible exec failure from child to parent.
        # Data format: "exception name:hex errno:description"
        # Pickle is not used; it is complex and involves memory allocation.
        errpipe_read, errpipe_write = os.pipe()
        # errpipe_write must not be in the standard io 0, 1, or 2 fd range.
        low_fds_to_close = []
        while errpipe_write < 3:
            low_fds_to_close.append(errpipe_write)
            errpipe_write = os.dup(errpipe_write)
        for low_fd in low_fds_to_close:
            os.close(low_fd)
        try:
            try:
                # We must avoid complex work that could involve
                # malloc or free in the child process to avoid
                # potential deadlocks, thus we do all this here.
                # and pass it to fork_exec()
    
                if env is not None:
                    env_list = []
                    for k, v in env.items():
                        k = os.fsencode(k)
                        if b'=' in k:
                            raise ValueError("illegal environment variable name")
                        env_list.append(k + b'=' + os.fsencode(v))
                else:
                    env_list = None  # Use execv instead of execve.
                executable = os.fsencode(executable)
                if os.path.dirname(executable):
                    executable_list = (executable,)
                else:
                    # This matches the behavior of os._execvpe().
                    executable_list = tuple(
                        os.path.join(os.fsencode(dir), executable)
                        for dir in os.get_exec_path(env))
                fds_to_keep = set(pass_fds)
                fds_to_keep.add(errpipe_write)
                self.pid = _posixsubprocess.fork_exec(
                        args, executable_list,
                        close_fds, tuple(sorted(map(int, fds_to_keep))),
                        cwd, env_list,
                        p2cread, p2cwrite, c2pread, c2pwrite,
                        errread, errwrite,
                        errpipe_read, errpipe_write,
                        restore_signals, start_new_session,
                        gid, gids, uid, umask,
                        preexec_fn)
                self._child_created = True
            finally:
                # be sure the FD is closed no matter what
                os.close(errpipe_write)
    
            self._close_pipe_fds(p2cread, p2cwrite,
                                 c2pread, c2pwrite,
                                 errread, errwrite)
    
            # Wait for exec to fail or succeed; possibly raising an
            # exception (limited in size)
            errpipe_data = bytearray()
            while True:
                part = os.read(errpipe_read, 50000)
                errpipe_data += part
                if not part or len(errpipe_data) > 50000:
                    break
        finally:
            # be sure the FD is closed no matter what
            os.close(errpipe_read)
    
        if errpipe_data:
            try:
                pid, sts = os.waitpid(self.pid, 0)
                if pid == self.pid:
                    self._handle_exitstatus(sts)
                else:
                    self.returncode = sys.maxsize
            except ChildProcessError:
                pass
    
            try:
                exception_name, hex_errno, err_msg = (
                        errpipe_data.split(b':', 2))
                # The encoding here should match the encoding
                # written in by the subprocess implementations
                # like _posixsubprocess
                err_msg = err_msg.decode()
            except ValueError:
                exception_name = b'SubprocessError'
                hex_errno = b'0'
                err_msg = 'Bad exception data from child: {!r}'.format(
                              bytes(errpipe_data))
            child_exception_type = getattr(
                    builtins, exception_name.decode('ascii'),
                    SubprocessError)
            if issubclass(child_exception_type, OSError) and hex_errno:
                errno_num = int(hex_errno, 16)
                child_exec_never_called = (err_msg == "noexec")
                if child_exec_never_called:
                    err_msg = ""
                    # The error must be from chdir(cwd).
                    err_filename = cwd
                else:
                    err_filename = orig_executable
                if errno_num != 0:
                    err_msg = os.strerror(errno_num)
>               raise child_exception_type(errno_num, err_msg, err_filename)
E               FileNotFoundError: [Errno 2] No such file or directory: 'python'

../../../../.local/share/uv/python/cpython-3.10.19-linux-x86_64-gnu/lib/python3.10/subprocess.py:1863: FileNotFoundError
_ ERROR at setup of test_initialization_failure_reports_without_replacing_the_formatter[firefox] _

request = <SubRequest 'server' for <Function test_same_wrapper_native_corpus[chromium-root]>>
site_dir = PosixPath('/home/egallego/lean/verso-slides/.worktrees/vir-prettym-main435-integration/.qualification-main435-20261009/SITE')

    @pytest.fixture(scope="session")
    def server(request, site_dir):
        """Start a local HTTP server for the built site, or use an existing one."""
        external_url = request.config.getoption("--server-url")
    
        if external_url:
            yield external_url
            return
    
        port = request.config.getoption("--port")
    
        if port is None:
            port = find_free_port()
        else:
            port = int(port)
    
>       proc = subprocess.Popen(
            ["python", "-m", "http.server", str(port), "--bind", "127.0.0.1"],
            cwd=site_dir,
            stdout=subprocess.DEVNULL,
            stderr=subprocess.DEVNULL
        )

browser-tests/conftest.py:177: 
_ _ _ _ _ _ _ _ _ _ _ _ _ _ _ _ _ _ _ _ _ _ _ _ _ _ _ _ _ _ _ _ _ _ _ _ _ _ _ _ 
../../../../.local/share/uv/python/cpython-3.10.19-linux-x86_64-gnu/lib/python3.10/subprocess.py:971: in __init__
    self._execute_child(args, executable, preexec_fn, close_fds,
_ _ _ _ _ _ _ _ _ _ _ _ _ _ _ _ _ _ _ _ _ _ _ _ _ _ _ _ _ _ _ _ _ _ _ _ _ _ _ _ 

self = <Popen: returncode: 255 args: ['python', '-m', 'http.server', '41777', '--bi...>
args = ['python', '-m', 'http.server', '41777', '--bind', '127.0.0.1']
executable = b'python', preexec_fn = None, close_fds = True, pass_fds = ()
cwd = PosixPath('/home/egallego/lean/verso-slides/.worktrees/vir-prettym-main435-integration/.qualification-main435-20261009/SITE')
env = None, startupinfo = None, creationflags = 0, shell = False, p2cread = -1
p2cwrite = -1, c2pread = -1, c2pwrite = 12, errread = -1, errwrite = 12
restore_signals = True, gid = None, gids = None, uid = None, umask = -1
start_new_session = False

    def _execute_child(self, args, executable, preexec_fn, close_fds,
                       pass_fds, cwd, env,
                       startupinfo, creationflags, shell,
                       p2cread, p2cwrite,
                       c2pread, c2pwrite,
                       errread, errwrite,
                       restore_signals,
                       gid, gids, uid, umask,
                       start_new_session):
        """Execute program (POSIX version)"""
    
        if isinstance(args, (str, bytes)):
            args = [args]
        elif isinstance(args, os.PathLike):
            if shell:
                raise TypeError('path-like args is not allowed when '
                                'shell is true')
            args = [args]
        else:
            args = list(args)
    
        if shell:
            # On Android the default shell is at '/system/bin/sh'.
            unix_shell = ('/system/bin/sh' if
                      hasattr(sys, 'getandroidapilevel') else '/bin/sh')
            args = [unix_shell, "-c"] + args
            if executable:
                args[0] = executable
    
        if executable is None:
            executable = args[0]
    
        sys.audit("subprocess.Popen", executable, args, cwd, env)
    
        if (_USE_POSIX_SPAWN
                and os.path.dirname(executable)
                and preexec_fn is None
                and not close_fds
                and not pass_fds
                and cwd is None
                and (p2cread == -1 or p2cread > 2)
                and (c2pwrite == -1 or c2pwrite > 2)
                and (errwrite == -1 or errwrite > 2)
                and not start_new_session
                and gid is None
                and gids is None
                and uid is None
                and umask < 0):
            self._posix_spawn(args, executable, env, restore_signals,
                              p2cread, p2cwrite,
                              c2pread, c2pwrite,
                              errread, errwrite)
            return
    
        orig_executable = executable
    
        # For transferring possible exec failure from child to parent.
        # Data format: "exception name:hex errno:description"
        # Pickle is not used; it is complex and involves memory allocation.
        errpipe_read, errpipe_write = os.pipe()
        # errpipe_write must not be in the standard io 0, 1, or 2 fd range.
        low_fds_to_close = []
        while errpipe_write < 3:
            low_fds_to_close.append(errpipe_write)
            errpipe_write = os.dup(errpipe_write)
        for low_fd in low_fds_to_close:
            os.close(low_fd)
        try:
            try:
                # We must avoid complex work that could involve
                # malloc or free in the child process to avoid
                # potential deadlocks, thus we do all this here.
                # and pass it to fork_exec()
    
                if env is not None:
                    env_list = []
                    for k, v in env.items():
                        k = os.fsencode(k)
                        if b'=' in k:
                            raise ValueError("illegal environment variable name")
                        env_list.append(k + b'=' + os.fsencode(v))
                else:
                    env_list = None  # Use execv instead of execve.
                executable = os.fsencode(executable)
                if os.path.dirname(executable):
                    executable_list = (executable,)
                else:
                    # This matches the behavior of os._execvpe().
                    executable_list = tuple(
                        os.path.join(os.fsencode(dir), executable)
                        for dir in os.get_exec_path(env))
                fds_to_keep = set(pass_fds)
                fds_to_keep.add(errpipe_write)
                self.pid = _posixsubprocess.fork_exec(
                        args, executable_list,
                        close_fds, tuple(sorted(map(int, fds_to_keep))),
                        cwd, env_list,
                        p2cread, p2cwrite, c2pread, c2pwrite,
                        errread, errwrite,
                        errpipe_read, errpipe_write,
                        restore_signals, start_new_session,
                        gid, gids, uid, umask,
                        preexec_fn)
                self._child_created = True
            finally:
                # be sure the FD is closed no matter what
                os.close(errpipe_write)
    
            self._close_pipe_fds(p2cread, p2cwrite,
                                 c2pread, c2pwrite,
                                 errread, errwrite)
    
            # Wait for exec to fail or succeed; possibly raising an
            # exception (limited in size)
            errpipe_data = bytearray()
            while True:
                part = os.read(errpipe_read, 50000)
                errpipe_data += part
                if not part or len(errpipe_data) > 50000:
                    break
        finally:
            # be sure the FD is closed no matter what
            os.close(errpipe_read)
    
        if errpipe_data:
            try:
                pid, sts = os.waitpid(self.pid, 0)
                if pid == self.pid:
                    self._handle_exitstatus(sts)
                else:
                    self.returncode = sys.maxsize
            except ChildProcessError:
                pass
    
            try:
                exception_name, hex_errno, err_msg = (
                        errpipe_data.split(b':', 2))
                # The encoding here should match the encoding
                # written in by the subprocess implementations
                # like _posixsubprocess
                err_msg = err_msg.decode()
            except ValueError:
                exception_name = b'SubprocessError'
                hex_errno = b'0'
                err_msg = 'Bad exception data from child: {!r}'.format(
                              bytes(errpipe_data))
            child_exception_type = getattr(
                    builtins, exception_name.decode('ascii'),
                    SubprocessError)
            if issubclass(child_exception_type, OSError) and hex_errno:
                errno_num = int(hex_errno, 16)
                child_exec_never_called = (err_msg == "noexec")
                if child_exec_never_called:
                    err_msg = ""
                    # The error must be from chdir(cwd).
                    err_filename = cwd
                else:
                    err_filename = orig_executable
                if errno_num != 0:
                    err_msg = os.strerror(errno_num)
>               raise child_exception_type(errno_num, err_msg, err_filename)
E               FileNotFoundError: [Errno 2] No such file or directory: 'python'

../../../../.local/share/uv/python/cpython-3.10.19-linux-x86_64-gnu/lib/python3.10/subprocess.py:1863: FileNotFoundError
_ ERROR at setup of TestLightboxReadiness.test_pending_signature_formats_on_readiness[firefox] _

request = <SubRequest 'server' for <Function test_same_wrapper_native_corpus[chromium-root]>>
site_dir = PosixPath('/home/egallego/lean/verso-slides/.worktrees/vir-prettym-main435-integration/.qualification-main435-20261009/SITE')

    @pytest.fixture(scope="session")
    def server(request, site_dir):
        """Start a local HTTP server for the built site, or use an existing one."""
        external_url = request.config.getoption("--server-url")
    
        if external_url:
            yield external_url
            return
    
        port = request.config.getoption("--port")
    
        if port is None:
            port = find_free_port()
        else:
            port = int(port)
    
>       proc = subprocess.Popen(
            ["python", "-m", "http.server", str(port), "--bind", "127.0.0.1"],
            cwd=site_dir,
            stdout=subprocess.DEVNULL,
            stderr=subprocess.DEVNULL
        )

browser-tests/conftest.py:177: 
_ _ _ _ _ _ _ _ _ _ _ _ _ _ _ _ _ _ _ _ _ _ _ _ _ _ _ _ _ _ _ _ _ _ _ _ _ _ _ _ 
../../../../.local/share/uv/python/cpython-3.10.19-linux-x86_64-gnu/lib/python3.10/subprocess.py:971: in __init__
    self._execute_child(args, executable, preexec_fn, close_fds,
_ _ _ _ _ _ _ _ _ _ _ _ _ _ _ _ _ _ _ _ _ _ _ _ _ _ _ _ _ _ _ _ _ _ _ _ _ _ _ _ 

self = <Popen: returncode: 255 args: ['python', '-m', 'http.server', '41777', '--bi...>
args = ['python', '-m', 'http.server', '41777', '--bind', '127.0.0.1']
executable = b'python', preexec_fn = None, close_fds = True, pass_fds = ()
cwd = PosixPath('/home/egallego/lean/verso-slides/.worktrees/vir-prettym-main435-integration/.qualification-main435-20261009/SITE')
env = None, startupinfo = None, creationflags = 0, shell = False, p2cread = -1
p2cwrite = -1, c2pread = -1, c2pwrite = 12, errread = -1, errwrite = 12
restore_signals = True, gid = None, gids = None, uid = None, umask = -1
start_new_session = False

    def _execute_child(self, args, executable, preexec_fn, close_fds,
                       pass_fds, cwd, env,
                       startupinfo, creationflags, shell,
                       p2cread, p2cwrite,
                       c2pread, c2pwrite,
                       errread, errwrite,
                       restore_signals,
                       gid, gids, uid, umask,
                       start_new_session):
        """Execute program (POSIX version)"""
    
        if isinstance(args, (str, bytes)):
            args = [args]
        elif isinstance(args, os.PathLike):
            if shell:
                raise TypeError('path-like args is not allowed when '
                                'shell is true')
            args = [args]
        else:
            args = list(args)
    
        if shell:
            # On Android the default shell is at '/system/bin/sh'.
            unix_shell = ('/system/bin/sh' if
                      hasattr(sys, 'getandroidapilevel') else '/bin/sh')
            args = [unix_shell, "-c"] + args
            if executable:
                args[0] = executable
    
        if executable is None:
            executable = args[0]
    
        sys.audit("subprocess.Popen", executable, args, cwd, env)
    
        if (_USE_POSIX_SPAWN
                and os.path.dirname(executable)
                and preexec_fn is None
                and not close_fds
                and not pass_fds
                and cwd is None
                and (p2cread == -1 or p2cread > 2)
                and (c2pwrite == -1 or c2pwrite > 2)
                and (errwrite == -1 or errwrite > 2)
                and not start_new_session
                and gid is None
                and gids is None
                and uid is None
                and umask < 0):
            self._posix_spawn(args, executable, env, restore_signals,
                              p2cread, p2cwrite,
                              c2pread, c2pwrite,
                              errread, errwrite)
            return
    
        orig_executable = executable
    
        # For transferring possible exec failure from child to parent.
        # Data format: "exception name:hex errno:description"
        # Pickle is not used; it is complex and involves memory allocation.
        errpipe_read, errpipe_write = os.pipe()
        # errpipe_write must not be in the standard io 0, 1, or 2 fd range.
        low_fds_to_close = []
        while errpipe_write < 3:
            low_fds_to_close.append(errpipe_write)
            errpipe_write = os.dup(errpipe_write)
        for low_fd in low_fds_to_close:
            os.close(low_fd)
        try:
            try:
                # We must avoid complex work that could involve
                # malloc or free in the child process to avoid
                # potential deadlocks, thus we do all this here.
                # and pass it to fork_exec()
    
                if env is not None:
                    env_list = []
                    for k, v in env.items():
                        k = os.fsencode(k)
                        if b'=' in k:
                            raise ValueError("illegal environment variable name")
                        env_list.append(k + b'=' + os.fsencode(v))
                else:
                    env_list = None  # Use execv instead of execve.
                executable = os.fsencode(executable)
                if os.path.dirname(executable):
                    executable_list = (executable,)
                else:
                    # This matches the behavior of os._execvpe().
                    executable_list = tuple(
                        os.path.join(os.fsencode(dir), executable)
                        for dir in os.get_exec_path(env))
                fds_to_keep = set(pass_fds)
                fds_to_keep.add(errpipe_write)
                self.pid = _posixsubprocess.fork_exec(
                        args, executable_list,
                        close_fds, tuple(sorted(map(int, fds_to_keep))),
                        cwd, env_list,
                        p2cread, p2cwrite, c2pread, c2pwrite,
                        errread, errwrite,
                        errpipe_read, errpipe_write,
                        restore_signals, start_new_session,
                        gid, gids, uid, umask,
                        preexec_fn)
                self._child_created = True
            finally:
                # be sure the FD is closed no matter what
                os.close(errpipe_write)
    
            self._close_pipe_fds(p2cread, p2cwrite,
                                 c2pread, c2pwrite,
                                 errread, errwrite)
    
            # Wait for exec to fail or succeed; possibly raising an
            # exception (limited in size)
            errpipe_data = bytearray()
            while True:
                part = os.read(errpipe_read, 50000)
                errpipe_data += part
                if not part or len(errpipe_data) > 50000:
                    break
        finally:
            # be sure the FD is closed no matter what
            os.close(errpipe_read)
    
        if errpipe_data:
            try:
                pid, sts = os.waitpid(self.pid, 0)
                if pid == self.pid:
                    self._handle_exitstatus(sts)
                else:
                    self.returncode = sys.maxsize
            except ChildProcessError:
                pass
    
            try:
                exception_name, hex_errno, err_msg = (
                        errpipe_data.split(b':', 2))
                # The encoding here should match the encoding
                # written in by the subprocess implementations
                # like _posixsubprocess
                err_msg = err_msg.decode()
            except ValueError:
                exception_name = b'SubprocessError'
                hex_errno = b'0'
                err_msg = 'Bad exception data from child: {!r}'.format(
                              bytes(errpipe_data))
            child_exception_type = getattr(
                    builtins, exception_name.decode('ascii'),
                    SubprocessError)
            if issubclass(child_exception_type, OSError) and hex_errno:
                errno_num = int(hex_errno, 16)
                child_exec_never_called = (err_msg == "noexec")
                if child_exec_never_called:
                    err_msg = ""
                    # The error must be from chdir(cwd).
                    err_filename = cwd
                else:
                    err_filename = orig_executable
                if errno_num != 0:
                    err_msg = os.strerror(errno_num)
>               raise child_exception_type(errno_num, err_msg, err_filename)
E               FileNotFoundError: [Errno 2] No such file or directory: 'python'

../../../../.local/share/uv/python/cpython-3.10.19-linux-x86_64-gnu/lib/python3.10/subprocess.py:1863: FileNotFoundError
- generated xml file: /home/egallego/lean/verso-slides/.worktrees/vir-prettym-main435-integration/.qualification-main435-20261009/browser.xml -
=========================== short test summary info ============================
ERROR browser-tests/test_vir_prettym_site.py::test_same_wrapper_native_corpus[chromium-root]
ERROR browser-tests/test_vir_prettym_site.py::test_same_wrapper_native_corpus[chromium-nested]
ERROR browser-tests/test_vir_prettym_site.py::test_published_host_call[chromium]
ERROR browser-tests/test_vir_prettym_site.py::test_only_full_root_declaration_is_callable[chromium]
ERROR browser-tests/test_vir_prettym_site.py::test_default_panel_reflows_with_wasm[chromium]
ERROR browser-tests/test_vir_prettym_site.py::test_independent_deck_uses_published_runtime[chromium]
ERROR browser-tests/test_vir_prettym_presentation.py::test_complete_native_segments_tags_classes_and_bindings_in_dom[chromium]
ERROR browser-tests/test_vir_prettym_presentation.py::test_existing_text_and_binding_escaping_with_large_tags[chromium]
ERROR browser-tests/test_vir_prettym_presentation.py::test_shared_goal_preserves_ordinary_binding_interaction[chromium]
ERROR browser-tests/test_vir_prettym_presentation.py::test_rejected_format_is_visible_without_static_layout_substitution_or_probe_retention[chromium]
ERROR browser-tests/test_vir_prettym_presentation.py::test_vir_numeric_admission_keeps_the_same_program_usable[chromium]
ERROR browser-tests/test_vir_prettym_initialization.py::test_pending_formatter_keeps_navigation_and_current_selection_usable[chromium]
ERROR browser-tests/test_vir_prettym_initialization.py::test_initialization_failure_reports_without_replacing_the_formatter[chromium]
ERROR browser-tests/test_lightbox.py::TestLightboxReadiness::test_pending_signature_formats_on_readiness[chromium]
ERROR browser-tests/test_vir_prettym_site.py::test_same_wrapper_native_corpus[firefox-root]
ERROR browser-tests/test_vir_prettym_site.py::test_same_wrapper_native_corpus[firefox-nested]
ERROR browser-tests/test_vir_prettym_site.py::test_published_host_call[firefox]
ERROR browser-tests/test_vir_prettym_site.py::test_only_full_root_declaration_is_callable[firefox]
ERROR browser-tests/test_vir_prettym_site.py::test_default_panel_reflows_with_wasm[firefox]
ERROR browser-tests/test_vir_prettym_site.py::test_independent_deck_uses_published_runtime[firefox]
ERROR browser-tests/test_vir_prettym_presentation.py::test_complete_native_segments_tags_classes_and_bindings_in_dom[firefox]
ERROR browser-tests/test_vir_prettym_presentation.py::test_existing_text_and_binding_escaping_with_large_tags[firefox]
ERROR browser-tests/test_vir_prettym_presentation.py::test_shared_goal_preserves_ordinary_binding_interaction[firefox]
ERROR browser-tests/test_vir_prettym_presentation.py::test_rejected_format_is_visible_without_static_layout_substitution_or_probe_retention[firefox]
ERROR browser-tests/test_vir_prettym_presentation.py::test_vir_numeric_admission_keeps_the_same_program_usable[firefox]
ERROR browser-tests/test_vir_prettym_initialization.py::test_pending_formatter_keeps_navigation_and_current_selection_usable[firefox]
ERROR browser-tests/test_vir_prettym_initialization.py::test_initialization_failure_reports_without_replacing_the_formatter[firefox]
ERROR browser-tests/test_lightbox.py::TestLightboxReadiness::test_pending_signature_formats_on_readiness[firefox]
========================= 2 passed, 28 errors in 1.41s =========================
